ano,edicao,cidade_sede,pais,delegacao,equipe,id_atleta,nome_atleta,sexo,idade,altura,peso,esporte,evento,medalha,award_status,
1994,Winter,Lillehammer,American Samoa,ASA,American Samoa,59756,"William Bradley ""Brad"" Kiltz",M,36.0,NaN,NaN,Bobsleigh,Bobsleigh Men's Two,NaN,Nominee,
1994,Winter,Lillehammer,American Samoa,ASA,American Samoa,82826,Faauuga Tia Muagututia,M,35.0,178.0,84.0,Bobsleigh,Bobsleigh Men's Two,NaN,Nominee,
1994,Winter,Lillehammer,Andorra,AND,Andorra,33131,Gerard Escoda Alegret,M,23.0,173.0,71.0,Alpine Skiing,Alpine Skiing Men's Combined,NaN,Nominee,
1994,Winter,Lillehammer,Andorra,AND,Andorra,33131,Gerard Escoda Alegret,M,23.0,173.0,71.0,Alpine Skiing,Alpine Skiing Men's Giant Slalom,NaN,Nominee,
1994,Winter,Lillehammer,Andorra,AND,Andorra,33131,Gerard Escoda Alegret,M,23.0,173.0,71.0,Alpine Skiing,Alpine Skiing Men's Slalom,NaN,Nominee,
1994,Winter,Lillehammer,Andorra,AND,Andorra,33131,Gerard Escoda Alegret,M,23.0,173.0,71.0,Alpine Skiing,Alpine Skiing Men's Super G,NaN,Nominee,
1994,Winter,Lillehammer,Andorra,AND,Andorra,41342,Victor Gmez Javalera,M,20.0,174.0,75.0,Alpine Skiing,Alpine Skiing Men's Giant Slalom,NaN,Nominee,
1994,Winter,Lillehammer,Andorra,AND,Andorra,41342,Victor Gmez Javalera,M,20.0,174.0,75.0,Alpine Skiing,Alpine Skiing Men's Super G,NaN,Nominee,
1994,Winter,Lillehammer,Andorra,AND,Andorra,42480,Vicky Grau Muxella,F,18.0,164.0,65.0,Alpine Skiing,Alpine Skiing Women's Giant Slalom,NaN,Nominee,
1994,Winter,Lillehammer,Andorra,AND,Andorra,42480,Vicky Grau Muxella,F,18.0,164.0,65.0,Alpine Skiing,Alpine Skiing Women's Slalom,NaN,Nominee,
1994,Winter,Lillehammer,Andorra,AND,Andorra,42480,Vicky Grau Muxella,F,18.0,164.0,65.0,Alpine Skiing,Alpine Skiing Women's Super G,NaN,Nominee,
1994,Winter,Lillehammer,Andorra,AND,Andorra,71463,Santi Lpez Prats,M,18.0,181.0,83.0,Alpine Skiing,Alpine Skiing Men's Super G,NaN,Nominee,
1994,Winter,Lillehammer,Andorra,AND,Andorra,96586,Caroline Poussier,F,17.0,NaN,NaN,Alpine Skiing,Alpine Skiing Women's Giant Slalom,NaN,Nominee,
1994,Winter,Lillehammer,Andorra,AND,Andorra,96586,Caroline Poussier,F,17.0,NaN,NaN,Alpine Skiing,Alpine Skiing Women's Slalom,NaN,Nominee,
1994,Winter,Lillehammer,Andorra,AND,Andorra,102726,Ramon Rossell Mas,M,22.0,167.0,64.0,Alpine Skiing,Alpine Skiing Men's Super G,NaN,Nominee,
1994,Winter,Lillehammer,Argentina,ARG,Argentina,9390,Gston Begue,M,21.0,165.0,60.0,Alpine Skiing,Alpine Skiing Men's Super G,NaN,Nominee,
1994,Winter,Lillehammer,Argentina,ARG,Argentina,16873,Carlos Manuel Bustos,M,19.0,178.0,68.0,Alpine Skiing,Alpine Skiing Men's Super G,NaN,Nominee,
1994,Winter,Lillehammer,Argentina,ARG,Argentina,17429,Carola Calello,F,16.0,170.0,65.0,Alpine Skiing,Alpine Skiing Women's Super G,NaN,Nominee,
1994,Winter,Lillehammer,Argentina,ARG,Argentina,33601,Dominique Ezquerra,F,16.0,NaN,NaN,Alpine Skiing,Alpine Skiing Women's Super G,NaN,Nominee,
1994,Winter,Lillehammer,Argentina,ARG,Argentina,40565,Mara Edelia Giro,F,22.0,NaN,NaN,Biathlon,Biathlon Women's 15 kilometres,NaN,Nominee,
1994,Winter,Lillehammer,Argentina,ARG,Argentina,40565,Mara Edelia Giro,F,22.0,NaN,NaN,Biathlon,Biathlon Women's 7.5 kilometres Sprint,NaN,Nominee,
1994,Winter,Lillehammer,Argentina,ARG,Argentina,97588,Marano Puricelli,M,19.0,NaN,NaN,Alpine Skiing,Alpine Skiing Men's Combined,NaN,Nominee,
1994,Winter,Lillehammer,Argentina,ARG,Argentina,97588,Marano Puricelli,M,19.0,NaN,NaN,Alpine Skiing,Alpine Skiing Men's Downhill,NaN,Nominee,
1994,Winter,Lillehammer,Argentina,ARG,Argentina,97898,Gabriela Quijano,F,18.0,168.0,56.0,Alpine Skiing,Alpine Skiing Women's Combined,NaN,Nominee,
1994,Winter,Lillehammer,Argentina,ARG,Argentina,97898,Gabriela Quijano,F,18.0,168.0,56.0,Alpine Skiing,Alpine Skiing Women's Downhill,NaN,Nominee,
1994,Winter,Lillehammer,Argentina,ARG,Argentina,97898,Gabriela Quijano,F,18.0,168.0,56.0,Alpine Skiing,Alpine Skiing Women's Slalom,NaN,Nominee,
1994,Winter,Lillehammer,Argentina,ARG,Argentina,97898,Gabriela Quijano,F,18.0,168.0,56.0,Alpine Skiing,Alpine Skiing Women's Super G,NaN,Nominee,
1994,Winter,Lillehammer,Argentina,ARG,Argentina,115118,Francisca Steverlynck Schweizer,F,19.0,NaN,NaN,Alpine Skiing,Alpine Skiing Women's Combined,NaN,Nominee,
1994,Winter,Lillehammer,Argentina,ARG,Argentina,115118,Francisca Steverlynck Schweizer,F,19.0,NaN,NaN,Alpine Skiing,Alpine Skiing Women's Downhill,NaN,Nominee,
1994,Winter,Lillehammer,Argentina,ARG,Argentina,115118,Francisca Steverlynck Schweizer,F,19.0,NaN,NaN,Alpine Skiing,Alpine Skiing Women's Super G,NaN,Nominee,
1994,Winter,Lillehammer,Argentina,ARG,Argentina,118903,Jennifer Taylor,F,18.0,NaN,NaN,Alpine Skiing,Alpine Skiing Women's Combined,NaN,Nominee,
1994,Winter,Lillehammer,Argentina,ARG,Argentina,118903,Jennifer Taylor,F,18.0,NaN,NaN,Alpine Skiing,Alpine Skiing Women's Downhill,NaN,Nominee,
1994,Winter,Lillehammer,Argentina,ARG,Argentina,124532,Federico van Ditmar,M,24.0,182.0,72.0,Alpine Skiing,Alpine Skiing Men's Giant Slalom,NaN,Nominee,
1994,Winter,Lillehammer,Argentina,ARG,Argentina,124532,Federico van Ditmar,M,24.0,182.0,72.0,Alpine Skiing,Alpine Skiing Men's Slalom,NaN,Nominee,
1994,Winter,Lillehammer,Argentina,ARG,Argentina,124532,Federico van Ditmar,M,24.0,182.0,72.0,Alpine Skiing,Alpine Skiing Men's Super G,NaN,Nominee,
1994,Winter,Lillehammer,Armenia,ARM,Armenia,2961,"Joseph Michael ""Joe"" Almasian",M,26.0,183.0,85.0,Bobsleigh,Bobsleigh Men's Two,NaN,Nominee,
1994,Winter,Lillehammer,Armenia,ARM,Armenia,121093,"Kenneth James ""Ken"" Topalian",M,30.0,NaN,NaN,Bobsleigh,Bobsleigh Men's Two,NaN,Nominee,
1994,Winter,Lillehammer,Australia,AUS,Australia,7797,Adam Barclay,M,24.0,179.0,98.0,Bobsleigh,Bobsleigh Men's Four,NaN,Nominee,
1994,Winter,Lillehammer,Australia,AUS,Australia,14492,Steven John Bradbury,M,20.0,178.0,80.0,Short Track Speed Skating,Short Track Speed Skating Men's 1,000 metres,NaN,Nominee
1994,Winter,Lillehammer,Australia,AUS,Australia,14492,Steven John Bradbury,M,20.0,178.0,80.0,Short Track Speed Skating,Short Track Speed Skating Men's 5,000 metres Relay,Bronze,Winner
1994,Winter,Lillehammer,Australia,AUS,Australia,14492,Steven John Bradbury,M,20.0,178.0,80.0,Short Track Speed Skating,Short Track Speed Skating Men's 500 metres,NaN,Nominee,
1994,Winter,Lillehammer,Australia,AUS,Australia,18487,Stephen Alexander Carr,M,28.0,167.0,65.0,Figure Skating,Figure Skating Men's Singles,NaN,Nominee,
1994,Winter,Lillehammer,Australia,AUS,Australia,18487,Stephen Alexander Carr,M,28.0,167.0,65.0,Figure Skating,Figure Skating Mixed Pairs,NaN,Nominee,
1994,Winter,Lillehammer,Australia,AUS,Australia,18495,Danielle Carr-McGrath,F,24.0,148.0,47.0,Figure Skating,Figure Skating Mixed Pairs,NaN,Nominee,
1994,Winter,Lillehammer,Australia,AUS,Australia,18579,Glenn Carroll,M,26.0,189.0,95.0,Bobsleigh,Bobsleigh Men's Four,NaN,Nominee,
1994,Winter,Lillehammer,Australia,AUS,Australia,18579,Glenn Carroll,M,26.0,189.0,95.0,Bobsleigh,Bobsleigh Men's Two,NaN,Nominee,
1994,Winter,Lillehammer,Australia,AUS,Australia,21974,"Nicholas ""Nick"" Cleaver",M,18.0,177.0,75.0,Freestyle Skiing,Freestyle Skiing Men's Moguls,NaN,Nominee,
1994,Winter,Lillehammer,Australia,AUS,Australia,22939,"Jacqueline ""Jacqui"" Cooper",F,21.0,176.0,65.0,Freestyle Skiing,Freestyle Skiing Women's Aerials,NaN,Nominee,
1994,Winter,Lillehammer,Australia,AUS,Australia,23272,Adrian Costa,M,21.0,180.0,80.0,Freestyle Skiing,Freestyle Skiing Men's Moguls,NaN,Nominee,
1994,Winter,Lillehammer,Australia,AUS,Australia,23306,Paul Costa,M,22.0,181.0,75.0,Freestyle Skiing,Freestyle Skiing Men's Moguls,NaN,Nominee,
1994,Winter,Lillehammer,Australia,AUS,Australia,33427,Anthony Evans,M,24.0,174.0,69.0,Cross Country Skiing,Cross Country Skiing Men's 10 kilometres,NaN,Nominee,
1994,Winter,Lillehammer,Australia,AUS,Australia,33427,Anthony Evans,M,24.0,174.0,69.0,Cross Country Skiing,Cross Country Skiing Men's 10/15 kilometres Pursuit,NaN,Nominee,
1994,Winter,Lillehammer,Australia,AUS,Australia,33427,Anthony Evans,M,24.0,174.0,69.0,Cross Country Skiing,Cross Country Skiing Men's 50 kilometres,NaN,Nominee,
1994,Winter,Lillehammer,Australia,AUS,Australia,38756,Karen Gardiner-Kah,F,33.0,NaN,NaN,Short Track Speed Skating,Short Track Speed Skating Women's 1,000 metres,NaN,Nominee
1994,Winter,Lillehammer,Australia,AUS,Australia,38756,Karen Gardiner-Kah,F,33.0,NaN,NaN,Short Track Speed Skating,Short Track Speed Skating Women's 500 metres,NaN,Nominee,
1994,Winter,Lillehammer,Australia,AUS,Australia,42536,Mark Gray,M,26.0,178.0,72.0,Cross Country Skiing,Cross Country Skiing Men's 10 kilometres,NaN,Nominee,
1994,Winter,Lillehammer,Australia,AUS,Australia,42536,Mark Gray,M,26.0,178.0,72.0,Cross Country Skiing,Cross Country Skiing Men's 10/15 kilometres Pursuit,NaN,Nominee,
1994,Winter,Lillehammer,Australia,AUS,Australia,42536,Mark Gray,M,26.0,178.0,72.0,Cross Country Skiing,Cross Country Skiing Men's 30 kilometres,NaN,Nominee,
1994,Winter,Lillehammer,Australia,AUS,Australia,42536,Mark Gray,M,26.0,178.0,72.0,Cross Country Skiing,Cross Country Skiing Men's 50 kilometres,NaN,Nominee,
1994,Winter,Lillehammer,Australia,AUS,Australia,45766,Kieran Hansen,M,22.0,176.0,78.0,Short Track Speed Skating,Short Track Speed Skating Men's 1,000 metres,NaN,Nominee
1994,Winter,Lillehammer,Australia,AUS,Australia,45766,Kieran Hansen,M,22.0,176.0,78.0,Short Track Speed Skating,Short Track Speed Skating Men's 5,000 metres Relay,Bronze,Winner
1994,Winter,Lillehammer,Australia,AUS,Australia,45766,Kieran Hansen,M,22.0,176.0,78.0,Short Track Speed Skating,Short Track Speed Skating Men's 500 metres,NaN,Nominee,
1994,Winter,Lillehammer,Australia,AUS,Australia,50903,Anthony Huguet,M,21.0,176.0,76.0,Alpine Skiing,Alpine Skiing Men's Giant Slalom,NaN,Nominee,
1994,Winter,Lillehammer,Australia,AUS,Australia,50903,Anthony Huguet,M,21.0,176.0,76.0,Alpine Skiing,Alpine Skiing Men's Super G,NaN,Nominee,
1994,Winter,Lillehammer,Australia,AUS,Australia,56646,"Daniel ""Danny"" Kah",M,26.0,173.0,64.0,Speed Skating,Speed Skating Men's 1,500 metres,NaN,Nominee
1994,Winter,Lillehammer,Australia,AUS,Australia,56646,"Daniel ""Danny"" Kah",M,26.0,173.0,64.0,Speed Skating,Speed Skating Men's 5,000 metres,NaN,Nominee
1994,Winter,Lillehammer,Australia,AUS,Australia,75416,Kirstie Claire Marshall,F,24.0,165.0,55.0,Freestyle Skiing,Freestyle Skiing Women's Aerials,NaN,Nominee,
1994,Winter,Lillehammer,Australia,AUS,Australia,77468,Justin Harley McDonald,M,24.0,178.0,80.0,Bobsleigh,Bobsleigh Men's Four,NaN,Nominee,
1994,Winter,Lillehammer,Australia,AUS,Australia,77468,Justin Harley McDonald,M,24.0,178.0,80.0,Bobsleigh,Bobsleigh Men's Two,NaN,Nominee,
1994,Winter,Lillehammer,Australia,AUS,Australia,83615,Andrew John Murtha,M,28.0,NaN,NaN,Short Track Speed Skating,Short Track Speed Skating Men's 5,000 metres Relay,Bronze,Winner
1994,Winter,Lillehammer,Australia,AUS,Australia,86601,Richard Nizielski,M,25.0,174.0,74.0,Short Track Speed Skating,Short Track Speed Skating Men's 1,000 metres,NaN,Nominee
1994,Winter,Lillehammer,Australia,AUS,Australia,86601,Richard Nizielski,M,25.0,174.0,74.0,Short Track Speed Skating,Short Track Speed Skating Men's 5,000 metres Relay,Bronze,Winner
1994,Winter,Lillehammer,Australia,AUS,Australia,86601,Richard Nizielski,M,25.0,174.0,74.0,Short Track Speed Skating,Short Track Speed Skating Men's 500 metres,NaN,Nominee,
1994,Winter,Lillehammer,Australia,AUS,Australia,90610,Sandra Paintin (-Paul),F,30.0,NaN,NaN,Biathlon,Biathlon Women's 15 kilometres,NaN,Nominee,
1994,Winter,Lillehammer,Australia,AUS,Australia,90610,Sandra Paintin (-Paul),F,30.0,NaN,NaN,Biathlon,Biathlon Women's 7.5 kilometres Sprint,NaN,Nominee,
1994,Winter,Lillehammer,Australia,AUS,Australia,93951,Michelle Kerryn Pethybridge-Rim,F,31.0,170.0,65.0,Biathlon,Biathlon Women's 15 kilometres,NaN,Nominee,
1994,Winter,Lillehammer,Australia,AUS,Australia,93951,Michelle Kerryn Pethybridge-Rim,F,31.0,170.0,65.0,Biathlon,Biathlon Women's 7.5 kilometres Sprint,NaN,Nominee,
1994,Winter,Lillehammer,Australia,AUS,Australia,114733,Zali Steggall,F,19.0,175.0,75.0,Alpine Skiing,Alpine Skiing Women's Combined,NaN,Nominee,
1994,Winter,Lillehammer,Australia,AUS,Australia,114733,Zali Steggall,F,19.0,175.0,75.0,Alpine Skiing,Alpine Skiing Women's Giant Slalom,NaN,Nominee,
1994,Winter,Lillehammer,Australia,AUS,Australia,114733,Zali Steggall,F,19.0,175.0,75.0,Alpine Skiing,Alpine Skiing Women's Slalom,NaN,Nominee,
1994,Winter,Lillehammer,Australia,AUS,Australia,114733,Zali Steggall,F,19.0,175.0,75.0,Alpine Skiing,Alpine Skiing Women's Super G,NaN,Nominee,
1994,Winter,Lillehammer,Australia,AUS,Australia,117817,Phillip Tahmindjis,M,26.0,177.0,90.0,Speed Skating,Speed Skating Men's 1,000 metres,NaN,Nominee
1994,Winter,Lillehammer,Australia,AUS,Australia,117817,Phillip Tahmindjis,M,26.0,177.0,90.0,Speed Skating,Speed Skating Men's 1,500 metres,NaN,Nominee
1994,Winter,Lillehammer,Australia,AUS,Australia,128139,Scott Walker,M,23.0,182.0,113.0,Bobsleigh,Bobsleigh Men's Four,NaN,Nominee,
1994,Winter,Lillehammer,Australia,AUS,Australia,130015,Roger White,M,28.0,180.0,81.0,Luge,Luge Men's Singles,NaN,Nominee,
1994,Winter,Lillehammer,Austria,AUT,Austria,5694,Armin Ignaz Assinger,M,29.0,191.0,94.0,Alpine Skiing,Alpine Skiing Men's Downhill,NaN,Nominee,
1994,Winter,Lillehammer,Austria,AUT,Austria,5694,Armin Ignaz Assinger,M,29.0,191.0,94.0,Alpine Skiing,Alpine Skiing Men's Super G,NaN,Nominee,
1994,Winter,Lillehammer,Austria,AUT,Austria-2,6544,Thomas Bachler,M,28.0,193.0,110.0,Bobsleigh,Bobsleigh Men's Four,NaN,Nominee,
1994,Winter,Lillehammer,Austria,AUT,Austria,15812,Roland Brunner,M,23.0,173.0,72.0,Speed Skating,Speed Skating Men's 1,000 metres,NaN,Nominee
1994,Winter,Lillehammer,Austria,AUT,Austria,15812,Roland Brunner,M,23.0,173.0,72.0,Speed Skating,Speed Skating Men's 1,500 metres,NaN,Nominee
1994,Winter,Lillehammer,Austria,AUT,Austria,15812,Roland Brunner,M,23.0,173.0,72.0,Speed Skating,Speed Skating Men's 500 metres,NaN,Nominee,
1994,Winter,Lillehammer,Austria,AUT,Austria,16764,"James ""Jim"" Burton",M,32.0,183.0,86.0,Ice Hockey,Ice Hockey Men's Ice Hockey,NaN,Nominee,
1994,Winter,Lillehammer,Austria,AUT,Austria,25012,"Richard ""Marty"" Dallman",M,30.0,179.0,82.0,Ice Hockey,Ice Hockey Men's Ice Hockey,NaN,Nominee,
1994,Winter,Lillehammer,Austria,AUT,Austria,25028,Claus Dalpiaz,M,22.0,175.0,68.0,Ice Hockey,Ice Hockey Men's Ice Hockey,NaN,Nominee,
1994,Winter,Lillehammer,Austria,AUT,Austria,29483,Emese Drfler-Antal,F,22.0,167.0,55.0,Speed Skating,Speed Skating Women's 1,000 metres,NaN,Nominee
1994,Winter,Lillehammer,Austria,AUT,Austria,29483,Emese Drfler-Antal,F,22.0,167.0,55.0,Speed Skating,Speed Skating Women's 1,500 metres,NaN,Nominee
1994,Winter,Lillehammer,Austria,AUT,Austria,29483,Emese Drfler-Antal,F,22.0,167.0,55.0,Speed Skating,Speed Skating Women's 3,000 metres,NaN,Nominee
1994,Winter,Lillehammer,Austria,AUT,Austria,29483,Emese Drfler-Antal,F,22.0,167.0,55.0,Speed Skating,Speed Skating Women's 5,000 metres,NaN,Nominee
1994,Winter,Lillehammer,Austria,AUT,Austria,29483,Emese Drfler-Antal,F,22.0,167.0,55.0,Speed Skating,Speed Skating Women's 500 metres,NaN,Nominee,
1994,Winter,Lillehammer,Austria,AUT,Austria,29822,"Robin ""Rob"" Doyle",M,30.0,182.0,85.0,Ice Hockey,Ice Hockey Men's Ice Hockey,NaN,Nominee,
1994,Winter,Lillehammer,Austria,AUT,Austria,31382,Alfred Eder,M,40.0,200.0,95.0,Biathlon,Biathlon Men's 20 kilometres,NaN,Nominee,
1994,Winter,Lillehammer,Austria,AUT,Austria,31383,"Elfriede ""Elfi"" Eder (-Rudolf)",F,24.0,171.0,62.0,Alpine Skiing,Alpine Skiing Women's Slalom,Silver,Winner,
1994,Winter,Lillehammer,Austria,AUT,Austria,31393,Sylvia Eder,F,28.0,172.0,60.0,Alpine Skiing,Alpine Skiing Women's Giant Slalom,NaN,Nominee,
1994,Winter,Lillehammer,Austria,AUT,Austria,31393,Sylvia Eder,F,28.0,172.0,60.0,Alpine Skiing,Alpine Skiing Women's Super G,NaN,Nominee,
1994,Winter,Lillehammer,Austria,AUT,Austria-2,31742,Kurt Einberger,M,28.0,194.0,98.0,Bobsleigh,Bobsleigh Men's Four,NaN,Nominee,
1994,Winter,Lillehammer,Austria,AUT,Austria-2,31742,Kurt Einberger,M,28.0,194.0,98.0,Bobsleigh,Bobsleigh Men's Two,NaN,Nominee,
1994,Winter,Lillehammer,Austria,AUT,Austria,32498,Christian Eminger,M,29.0,179.0,74.0,Speed Skating,Speed Skating Men's 10,000 metres,NaN,Nominee
1994,Winter,Lillehammer,Austria,AUT,Austria,32498,Christian Eminger,M,29.0,179.0,74.0,Speed Skating,Speed Skating Men's 5,000 metres,NaN,Nominee
1994,Winter,Lillehammer,Austria,AUT,Austria,40757,Gerhard Gleirscher,M,24.0,184.0,92.0,Luge,Luge Men's Singles,NaN,Nominee,
1994,Winter,Lillehammer,Austria,AUT,Austria,41112,"Andreas ""Andi"" Goldberger",M,21.0,172.0,54.0,Ski Jumping,Ski Jumping Men's Large Hill,Individual,Bronze,Winner
1994,Winter,Lillehammer,Austria,AUT,Austria,41112,"Andreas ""Andi"" Goldberger",M,21.0,172.0,54.0,Ski Jumping,Ski Jumping Men's Large Hill,Team,Bronze,Winner
1994,Winter,Lillehammer,Austria,AUT,Austria,41112,"Andreas ""Andi"" Goldberger",M,21.0,172.0,54.0,Ski Jumping,Ski Jumping Men's Normal Hill,Individual,NaN,Nominee
1994,Winter,Lillehammer,Austria,AUT,Austria,42003,Renate Gtschl,F,18.0,165.0,68.0,Alpine Skiing,Alpine Skiing Women's Downhill,NaN,Nominee,
1994,Winter,Lillehammer,Austria,AUT,Austria,42019,Felix Gottwald,M,18.0,179.0,68.0,Nordic Combined,Nordic Combined Men's Individual,NaN,Nominee,
1994,Winter,Lillehammer,Austria,AUT,Austria,42019,Felix Gottwald,M,18.0,179.0,68.0,Nordic Combined,Nordic Combined Men's Team,NaN,Nominee,
1994,Winter,Lillehammer,Austria,AUT,Austria,42601,Ludwig Gredler,M,26.0,181.0,79.0,Biathlon,Biathlon Men's 10 kilometres Sprint,NaN,Nominee,
1994,Winter,Lillehammer,Austria,AUT,Austria,42601,Ludwig Gredler,M,26.0,181.0,79.0,Biathlon,Biathlon Men's 20 kilometres,NaN,Nominee,
1994,Winter,Lillehammer,Austria,AUT,Austria,42601,Ludwig Gredler,M,26.0,181.0,79.0,Biathlon,Biathlon Men's 4 x 7.5 kilometres Relay,NaN,Nominee,
1994,Winter,Lillehammer,Austria,AUT,Austria,43409,Bernhard Gstrein,M,28.0,184.0,88.0,Alpine Skiing,Alpine Skiing Men's Giant Slalom,NaN,Nominee,
1994,Winter,Lillehammer,Austria,AUT,Austria,43409,Bernhard Gstrein,M,28.0,184.0,88.0,Alpine Skiing,Alpine Skiing Men's Slalom,NaN,Nominee,
1994,Winter,Lillehammer,Austria,AUT,Austria,43950,Michael Gntner,M,26.0,199.0,109.0,Ice Hockey,Ice Hockey Men's Ice Hockey,NaN,Nominee,
1994,Winter,Lillehammer,Austria,AUT,Austria,44459,Anja Haas,F,22.0,179.0,75.0,Alpine Skiing,Alpine Skiing Women's Combined,NaN,Nominee,
1994,Winter,Lillehammer,Austria,AUT,Austria,44459,Anja Haas,F,22.0,179.0,75.0,Alpine Skiing,Alpine Skiing Women's Downhill,NaN,Nominee,
1994,Winter,Lillehammer,Austria,AUT,Austria,44627,Michael Florian Hadschieff,M,30.0,185.0,75.0,Speed Skating,Speed Skating Men's 1,500 metres,NaN,Nominee
1994,Winter,Lillehammer,Austria,AUT,Austria,44627,Michael Florian Hadschieff,M,30.0,185.0,75.0,Speed Skating,Speed Skating Men's 10,000 metres,NaN,Nominee
1994,Winter,Lillehammer,Austria,AUT,Austria,44627,Michael Florian Hadschieff,M,30.0,185.0,75.0,Speed Skating,Speed Skating Men's 5,000 metres,NaN,Nominee
1994,Winter,Lillehammer,Austria,AUT,Austria-1,44800,Gerhard Haidacher,M,30.0,186.0,87.0,Bobsleigh,Bobsleigh Men's Four,NaN,Nominee,
1994,Winter,Lillehammer,Austria,AUT,Austria,47327,Karl Heinzle,M,33.0,NaN,NaN,Ice Hockey,Ice Hockey Men's Ice Hockey,NaN,Nominee,
1994,Winter,Lillehammer,Austria,AUT,Austria,49249,Herbert Hohenberger,M,25.0,182.0,88.0,Ice Hockey,Ice Hockey Men's Ice Hockey,NaN,Nominee,
1994,Winter,Lillehammer,Austria,AUT,Austria,49987,Stefan Horngacher,M,24.0,184.0,68.0,Ski Jumping,Ski Jumping Men's Large Hill,Individual,NaN,Nominee
1994,Winter,Lillehammer,Austria,AUT,Austria,49987,Stefan Horngacher,M,24.0,184.0,68.0,Ski Jumping,Ski Jumping Men's Large Hill,Team,Bronze,Winner
1994,Winter,Lillehammer,Austria,AUT,Austria,49987,Stefan Horngacher,M,24.0,184.0,68.0,Ski Jumping,Ski Jumping Men's Normal Hill,Individual,NaN,Nominee
1994,Winter,Lillehammer,Austria,AUT,Austria,56971,Dieter Kalt,Jr.,M,19.0,175.0,83.0,Ice Hockey,Ice Hockey Men's Ice Hockey,NaN,Nominee
1994,Winter,Lillehammer,Austria,AUT,Austria,58883,Werner Kerth,M,27.0,175.0,84.0,Ice Hockey,Ice Hockey Men's Ice Hockey,NaN,Nominee,
1994,Winter,Lillehammer,Austria,AUT,Austria,61447,Hans Knau,M,23.0,179.0,86.0,Alpine Skiing,Alpine Skiing Men's Combined,NaN,Nominee,
1994,Winter,Lillehammer,Austria,AUT,Austria,61447,Hans Knau,M,23.0,179.0,86.0,Alpine Skiing,Alpine Skiing Men's Super G,NaN,Nominee,
1994,Winter,Lillehammer,Austria,AUT,Austria,63675,Martin Krainz,M,26.0,186.0,83.0,Ice Hockey,Ice Hockey Men's Ice Hockey,NaN,Nominee,
1994,Winter,Lillehammer,Austria,AUT,Austria,64250,Wolfgang Kromp,M,23.0,175.0,83.0,Ice Hockey,Ice Hockey Men's Ice Hockey,NaN,Nominee,
1994,Winter,Lillehammer,Austria,AUT,Austria,65305,Heinz Ernst Kuttin,M,23.0,193.0,78.0,Ski Jumping,Ski Jumping Men's Large Hill,Individual,NaN,Nominee
1994,Winter,Lillehammer,Austria,AUT,Austria,65305,Heinz Ernst Kuttin,M,23.0,193.0,78.0,Ski Jumping,Ski Jumping Men's Large Hill,Team,Bronze,Winner
1994,Winter,Lillehammer,Austria,AUT,Austria,65305,Heinz Ernst Kuttin,M,23.0,193.0,78.0,Ski Jumping,Ski Jumping Men's Normal Hill,Individual,NaN,Nominee
1994,Winter,Lillehammer,Austria,AUT,Austria,66584,Gnther Lanzinger,M,22.0,187.0,90.0,Ice Hockey,Ice Hockey Men's Ice Hockey,NaN,Nominee,
1994,Winter,Lillehammer,Austria,AUT,Austria,70133,Engelbert Linder,M,31.0,190.0,90.0,Ice Hockey,Ice Hockey Men's Ice Hockey,NaN,Nominee,
1994,Winter,Lillehammer,Austria,AUT,Austria,73197,Gnther Mader,M,29.0,177.0,77.0,Alpine Skiing,Alpine Skiing Men's Combined,NaN,Nominee,
1994,Winter,Lillehammer,Austria,AUT,Austria,73197,Gnther Mader,M,29.0,177.0,77.0,Alpine Skiing,Alpine Skiing Men's Downhill,NaN,Nominee,
1994,Winter,Lillehammer,Austria,AUT,Austria,73197,Gnther Mader,M,29.0,177.0,77.0,Alpine Skiing,Alpine Skiing Men's Giant Slalom,NaN,Nominee,
1994,Winter,Lillehammer,Austria,AUT,Austria,73197,Gnther Mader,M,29.0,177.0,77.0,Alpine Skiing,Alpine Skiing Men's Slalom,NaN,Nominee,
1994,Winter,Lillehammer,Austria,AUT,Austria,73197,Gnther Mader,M,29.0,177.0,77.0,Alpine Skiing,Alpine Skiing Men's Super G,NaN,Nominee,
1994,Winter,Lillehammer,Austria,AUT,Austria,73655,Monika Maierhofer,F,27.0,165.0,67.0,Alpine Skiing,Alpine Skiing Women's Slalom,NaN,Nominee,
1994,Winter,Lillehammer,Austria,AUT,Austria,76974,Christian Mayer,M,22.0,180.0,97.0,Alpine Skiing,Alpine Skiing Men's Combined,NaN,Nominee,
1994,Winter,Lillehammer,Austria,AUT,Austria,76974,Christian Mayer,M,22.0,180.0,97.0,Alpine Skiing,Alpine Skiing Men's Giant Slalom,Bronze,Winner,
1994,Winter,Lillehammer,Austria,AUT,Austria,78307,Alexandra Meissnitzer,F,20.0,165.0,62.0,Alpine Skiing,Alpine Skiing Women's Giant Slalom,NaN,Nominee,
1994,Winter,Lillehammer,Austria,AUT,Austria,82397,Christian Moser,M,21.0,181.0,67.0,Ski Jumping,Ski Jumping Men's Large Hill,Individual,NaN,Nominee
1994,Winter,Lillehammer,Austria,AUT,Austria,82397,Christian Moser,M,21.0,181.0,67.0,Ski Jumping,Ski Jumping Men's Large Hill,Team,Bronze,Winner
1994,Winter,Lillehammer,Austria,AUT,Austria,82397,Christian Moser,M,21.0,181.0,67.0,Ski Jumping,Ski Jumping Men's Normal Hill,Individual,NaN,Nominee
1994,Winter,Lillehammer,Austria,AUT,Austria,82922,Manfred Mhr,M,26.0,175.0,80.0,Ice Hockey,Ice Hockey Men's Ice Hockey,NaN,Nominee,
1994,Winter,Lillehammer,Austria,AUT,Austria,84610,"Richard ""Rick"" Nasheim",M,31.0,180.0,85.0,Ice Hockey,Ice Hockey Men's Ice Hockey,NaN,Nominee,
1994,Winter,Lillehammer,Austria,AUT,Austria,85274,Emese Nemeth-Hunyady (-Jrvinen),F,27.0,167.0,65.0,Speed Skating,Speed Skating Women's 1,000 metres,NaN,Nominee
1994,Winter,Lillehammer,Austria,AUT,Austria,85274,Emese Nemeth-Hunyady (-Jrvinen),F,27.0,167.0,65.0,Speed Skating,Speed Skating Women's 1,500 metres,Gold,Winner
1994,Winter,Lillehammer,Austria,AUT,Austria,85274,Emese Nemeth-Hunyady (-Jrvinen),F,27.0,167.0,65.0,Speed Skating,Speed Skating Women's 3,000 metres,Silver,Winner
1994,Winter,Lillehammer,Austria,AUT,Austria,85274,Emese Nemeth-Hunyady (-Jrvinen),F,27.0,167.0,65.0,Speed Skating,Speed Skating Women's 5,000 metres,NaN,Nominee
1994,Winter,Lillehammer,Austria,AUT,Austria-2,85308,Carsten Nentwig,M,27.0,189.0,90.0,Bobsleigh,Bobsleigh Men's Four,NaN,Nominee,
1994,Winter,Lillehammer,Austria,AUT,Austria,85488,Angelika Neuner,F,24.0,172.0,64.0,Luge,Luge Women's Singles,NaN,Nominee,
1994,Winter,Lillehammer,Austria,AUT,Austria,85489,Doris Neuner,F,22.0,174.0,61.0,Luge,Luge Women's Singles,NaN,Nominee,
1994,Winter,Lillehammer,Austria,AUT,Austria,89619,Patrick Ortlieb,M,26.0,189.0,92.0,Alpine Skiing,Alpine Skiing Men's Downhill,NaN,Nominee,
1994,Winter,Lillehammer,Austria,AUT,Austria,93497,Wolfgang Perner,M,26.0,184.0,75.0,Biathlon,Biathlon Men's 10 kilometres Sprint,NaN,Nominee,
1994,Winter,Lillehammer,Austria,AUT,Austria,93497,Wolfgang Perner,M,26.0,184.0,75.0,Biathlon,Biathlon Men's 4 x 7.5 kilometres Relay,NaN,Nominee,
1994,Winter,Lillehammer,Austria,AUT,Austria,94378,Martin Pfurtscheller,M,25.0,175.0,65.0,Biathlon,Biathlon Men's 10 kilometres Sprint,NaN,Nominee,
1994,Winter,Lillehammer,Austria,AUT,Austria,94378,Martin Pfurtscheller,M,25.0,175.0,65.0,Biathlon,Biathlon Men's 20 kilometres,NaN,Nominee,
1994,Winter,Lillehammer,Austria,AUT,Austria,94378,Martin Pfurtscheller,M,25.0,175.0,65.0,Biathlon,Biathlon Men's 4 x 7.5 kilometres Relay,NaN,Nominee,
1994,Winter,Lillehammer,Austria,AUT,Austria,97110,Markus Prock,M,29.0,184.0,89.0,Luge,Luge Men's Singles,Silver,Winner,
1994,Winter,Lillehammer,Austria,AUT,Austria,97614,Michael Puschacher,M,25.0,188.0,84.0,Ice Hockey,Ice Hockey Men's Ice Hockey,NaN,Nominee,
1994,Winter,Lillehammer,Austria,AUT,Austria,97629,Andreas Pusnik (Puschnig-),M,21.0,178.0,80.0,Ice Hockey,Ice Hockey Men's Ice Hockey,NaN,Nominee,
1994,Winter,Lillehammer,Austria,AUT,Austria,97630,Gerhard Pusnik (Puschnig-),M,27.0,175.0,84.0,Ice Hockey,Ice Hockey Men's Ice Hockey,NaN,Nominee,
1994,Winter,Lillehammer,Austria,AUT,Austria-1,99483,Gerhard Redl,M,31.0,180.0,93.0,Bobsleigh,Bobsleigh Men's Four,NaN,Nominee,
1994,Winter,Lillehammer,Austria,AUT,Austria,100103,Gerald Ressmann,M,23.0,190.0,100.0,Ice Hockey,Ice Hockey Men's Ice Hockey,NaN,Nominee,
1994,Winter,Lillehammer,Austria,AUT,Austria,100710,Georg Riedlsperger,M,24.0,181.0,69.0,Nordic Combined,Nordic Combined Men's Individual,NaN,Nominee,
1994,Winter,Lillehammer,Austria,AUT,Austria,100710,Georg Riedlsperger,M,24.0,181.0,69.0,Nordic Combined,Nordic Combined Men's Team,NaN,Nominee,
1994,Winter,Lillehammer,Austria,AUT,Austria,100835,Christian Rijavec,M,21.0,172.0,62.0,Freestyle Skiing,Freestyle Skiing Men's Aerials,NaN,Nominee,
1994,Winter,Lillehammer,Austria,AUT,Austria,104922,Rainer Salzgeber,M,26.0,177.0,80.0,Alpine Skiing,Alpine Skiing Men's Giant Slalom,NaN,Nominee,
1994,Winter,Lillehammer,Austria,AUT,Austria,106830,Markus Schiegl,M,18.0,178.0,73.0,Luge,Luge Mixed (Men)'s Doubles,NaN,Nominee,
1994,Winter,Lillehammer,Austria,AUT,Austria,106831,Tobias Schiegl,M,20.0,199.0,89.0,Luge,Luge Mixed (Men)'s Doubles,NaN,Nominee,
1994,Winter,Lillehammer,Austria,AUT,Austria,107114,Markus Schmidt,M,25.0,178.0,80.0,Luge,Luge Men's Singles,NaN,Nominee,
1994,Winter,Lillehammer,Austria,AUT,Austria-1,107465,Hubert Schsser,M,27.0,177.0,85.0,Bobsleigh,Bobsleigh Men's Four,NaN,Nominee,
1994,Winter,Lillehammer,Austria,AUT,Austria-1,107465,Hubert Schsser,M,27.0,177.0,85.0,Bobsleigh,Bobsleigh Men's Two,NaN,Nominee,
1994,Winter,Lillehammer,Austria,AUT,Austria-1,107562,Thomas Schroll,M,28.0,183.0,87.0,Bobsleigh,Bobsleigh Men's Two,NaN,Nominee,
1994,Winter,Lillehammer,Austria,AUT,Austria,107623,Franz Schuler,M,31.0,183.0,66.0,Biathlon,Biathlon Men's 10 kilometres Sprint,NaN,Nominee,
1994,Winter,Lillehammer,Austria,AUT,Austria,107623,Franz Schuler,M,31.0,183.0,66.0,Biathlon,Biathlon Men's 20 kilometres,NaN,Nominee,
1994,Winter,Lillehammer,Austria,AUT,Austria,107623,Franz Schuler,M,31.0,183.0,66.0,Biathlon,Biathlon Men's 4 x 7.5 kilometres Relay,NaN,Nominee,
1994,Winter,Lillehammer,Austria,AUT,Austria,107773,"Stefanie ""Steffi"" Schuster",F,24.0,170.0,60.0,Alpine Skiing,Alpine Skiing Women's Super G,NaN,Nominee,
1994,Winter,Lillehammer,Austria,AUT,Austria-2,107801,Martin Schtzenauer,M,31.0,179.0,87.0,Bobsleigh,Bobsleigh Men's Four,NaN,Nominee,
1994,Winter,Lillehammer,Austria,AUT,Austria-2,107801,Martin Schtzenauer,M,31.0,179.0,87.0,Bobsleigh,Bobsleigh Men's Two,NaN,Nominee,
1994,Winter,Lillehammer,Austria,AUT,Austria,109431,"Michael ""Mike"" Shea",M,32.0,181.0,89.0,Ice Hockey,Ice Hockey Men's Ice Hockey,NaN,Nominee,
1994,Winter,Lillehammer,Austria,AUT,Austria,114142,Robert Stadelmann,M,22.0,NaN,NaN,Nordic Combined,Nordic Combined Men's Individual,NaN,Nominee,
1994,Winter,Lillehammer,Austria,AUT,Austria,114155,Alois Stadlober,M,31.0,183.0,73.0,Cross Country Skiing,Cross Country Skiing Men's 10 kilometres,NaN,Nominee,
1994,Winter,Lillehammer,Austria,AUT,Austria,114155,Alois Stadlober,M,31.0,183.0,73.0,Cross Country Skiing,Cross Country Skiing Men's 10/15 kilometres Pursuit,NaN,Nominee,
1994,Winter,Lillehammer,Austria,AUT,Austria,114155,Alois Stadlober,M,31.0,183.0,73.0,Cross Country Skiing,Cross Country Skiing Men's 50 kilometres,NaN,Nominee,
1994,Winter,Lillehammer,Austria,AUT,Austria,114310,Thomas Stangassinger,M,28.0,180.0,82.0,Alpine Skiing,Alpine Skiing Men's Slalom,Gold,Winner,
1994,Winter,Lillehammer,Austria,AUT,Austria,114340,Brian Stankiewicz,M,37.0,180.0,80.0,Ice Hockey,Ice Hockey Men's Ice Hockey,NaN,Nominee,
1994,Winter,Lillehammer,Austria,AUT,Austria,114572,Mario Stecher,M,16.0,177.0,62.0,Nordic Combined,Nordic Combined Men's Individual,NaN,Nominee,
1994,Winter,Lillehammer,Austria,AUT,Austria,114572,Mario Stecher,M,16.0,177.0,62.0,Nordic Combined,Nordic Combined Men's Team,NaN,Nominee,
1994,Winter,Lillehammer,Austria,AUT,Austria,115315,Ingrid Stckl,F,24.0,165.0,64.0,Alpine Skiing,Alpine Skiing Women's Combined,NaN,Nominee,
1994,Winter,Lillehammer,Austria,AUT,Austria,115315,Ingrid Stckl,F,24.0,165.0,64.0,Alpine Skiing,Alpine Skiing Women's Downhill,NaN,Nominee,
1994,Winter,Lillehammer,Austria,AUT,Austria,115845,"Kenneth ""Ken"" Strong",M,30.0,180.0,83.0,Ice Hockey,Ice Hockey Men's Ice Hockey,NaN,Nominee,
1994,Winter,Lillehammer,Austria,AUT,Austria,117218,Thomas Sykora,M,25.0,190.0,88.0,Alpine Skiing,Alpine Skiing Men's Slalom,NaN,Nominee,
1994,Winter,Lillehammer,Austria,AUT,Austria,117801,Andrea Tagwerker,F,23.0,170.0,69.0,Luge,Luge Women's Singles,Bronze,Winner,
1994,Winter,Lillehammer,Austria,AUT,Austria,121940,Hannes Trinkl,M,26.0,183.0,90.0,Alpine Skiing,Alpine Skiing Men's Downhill,NaN,Nominee,
1994,Winter,Lillehammer,Austria,AUT,Austria,121940,Hannes Trinkl,M,26.0,183.0,90.0,Alpine Skiing,Alpine Skiing Men's Super G,NaN,Nominee,
1994,Winter,Lillehammer,Austria,AUT,Austria,123273,Martin Ulrich,M,24.0,188.0,95.0,Ice Hockey,Ice Hockey Men's Ice Hockey,NaN,Nominee,
1994,Winter,Lillehammer,Austria,AUT,Austria,127789,Anita Wachter (-Salzgeber),F,27.0,164.0,50.0,Alpine Skiing,Alpine Skiing Women's Giant Slalom,NaN,Nominee,
1994,Winter,Lillehammer,Austria,AUT,Austria,127789,Anita Wachter (-Salzgeber),F,27.0,164.0,50.0,Alpine Skiing,Alpine Skiing Women's Slalom,NaN,Nominee,
1994,Winter,Lillehammer,Austria,AUT,Austria,127789,Anita Wachter (-Salzgeber),F,27.0,164.0,50.0,Alpine Skiing,Alpine Skiing Women's Super G,NaN,Nominee,
1994,Winter,Lillehammer,Austria,AUT,Austria,128224,Veronika Wallinger-Stallmaier,F,27.0,170.0,59.0,Alpine Skiing,Alpine Skiing Women's Downhill,NaN,Nominee,
1994,Winter,Lillehammer,Austria,AUT,Austria,128224,Veronika Wallinger-Stallmaier,F,27.0,170.0,59.0,Alpine Skiing,Alpine Skiing Women's Super G,NaN,Nominee,
1994,Winter,Lillehammer,Austria,AUT,Austria-1,131001,Harald Winkler,M,31.0,195.0,90.0,Bobsleigh,Bobsleigh Men's Four,NaN,Nominee,
1994,Winter,Lillehammer,Belarus,BLR,Belarus,28384,Lyudmila Dideleva,F,17.0,NaN,NaN,Cross Country Skiing,Cross Country Skiing Women's 4 x 5 kilometres Relay,NaN,Nominee,
1994,Winter,Lillehammer,Belarus,BLR,Belarus,28384,Lyudmila Dideleva,F,17.0,NaN,NaN,Cross Country Skiing,Cross Country Skiing Women's 5 kilometres,NaN,Nominee,
1994,Winter,Lillehammer,Belarus,BLR,Belarus,28384,Lyudmila Dideleva,F,17.0,NaN,NaN,Cross Country Skiing,Cross Country Skiing Women's 5/10 kilometres Pursuit,NaN,Nominee,
1994,Winter,Lillehammer,Belarus,BLR,Belarus,29183,Sergey Nikolayevich Dolidovich,M,20.0,175.0,68.0,Cross Country Skiing,Cross Country Skiing Men's 10 kilometres,NaN,Nominee,
1994,Winter,Lillehammer,Belarus,BLR,Belarus,29183,Sergey Nikolayevich Dolidovich,M,20.0,175.0,68.0,Cross Country Skiing,Cross Country Skiing Men's 10/15 kilometres Pursuit,NaN,Nominee,
1994,Winter,Lillehammer,Belarus,BLR,Belarus,29183,Sergey Nikolayevich Dolidovich,M,20.0,175.0,68.0,Cross Country Skiing,Cross Country Skiing Men's 30 kilometres,NaN,Nominee,
1994,Winter,Lillehammer,Belarus,BLR,Belarus,29183,Sergey Nikolayevich Dolidovich,M,20.0,175.0,68.0,Cross Country Skiing,Cross Country Skiing Men's 4 x 10 kilometres Relay,NaN,Nominee,
1994,Winter,Lillehammer,Belarus,BLR,Belarus,41769,Vasily Fyodorovich Gorbachov,M,29.0,182.0,75.0,Cross Country Skiing,Cross Country Skiing Men's 30 kilometres,NaN,Nominee,
1994,Winter,Lillehammer,Belarus,BLR,Belarus,41769,Vasily Fyodorovich Gorbachov,M,29.0,182.0,75.0,Cross Country Skiing,Cross Country Skiing Men's 50 kilometres,NaN,Nominee,
1994,Winter,Lillehammer,Belarus,BLR,Belarus,42935,Yelena Anatolyevna Grigoryeva,F,19.0,159.0,48.0,Figure Skating,Figure Skating Mixed Pairs,NaN,Nominee,
1994,Winter,Lillehammer,Belarus,BLR,Belarus,44383,Samvel Gyozalyan,M,23.0,186.0,84.0,Figure Skating,Figure Skating Mixed Ice Dancing,NaN,Nominee,
1994,Winter,Lillehammer,Belarus,BLR,Belarus,57106,Svetlana Vladimirovna Kamotskaya,F,30.0,170.0,60.0,Cross Country Skiing,Cross Country Skiing Women's 15 kilometres,NaN,Nominee,
1994,Winter,Lillehammer,Belarus,BLR,Belarus,57106,Svetlana Vladimirovna Kamotskaya,F,30.0,170.0,60.0,Cross Country Skiing,Cross Country Skiing Women's 30 kilometres,NaN,Nominee,
1994,Winter,Lillehammer,Belarus,BLR,Belarus,57106,Svetlana Vladimirovna Kamotskaya,F,30.0,170.0,60.0,Cross Country Skiing,Cross Country Skiing Women's 4 x 5 kilometres Relay,NaN,Nominee,
1994,Winter,Lillehammer,Belarus,BLR,Belarus,57106,Svetlana Vladimirovna Kamotskaya,F,30.0,170.0,60.0,Cross Country Skiing,Cross Country Skiing Women's 5 kilometres,NaN,Nominee,
1994,Winter,Lillehammer,Belarus,BLR,Belarus,57107,Viktor Borisovich Kamotsky,M,30.0,182.0,74.0,Cross Country Skiing,Cross Country Skiing Men's 10 kilometres,NaN,Nominee,
1994,Winter,Lillehammer,Belarus,BLR,Belarus,57107,Viktor Borisovich Kamotsky,M,30.0,182.0,74.0,Cross Country Skiing,Cross Country Skiing Men's 30 kilometres,NaN,Nominee,
1994,Winter,Lillehammer,Belarus,BLR,Belarus,57107,Viktor Borisovich Kamotsky,M,30.0,182.0,74.0,Cross Country Skiing,Cross Country Skiing Men's 4 x 10 kilometres Relay,NaN,Nominee,
1994,Winter,Lillehammer,Belarus,BLR,Belarus,57107,Viktor Borisovich Kamotsky,M,30.0,182.0,74.0,Cross Country Skiing,Cross Country Skiing Men's 50 kilometres,NaN,Nominee,
1994,Winter,Lillehammer,Belarus,BLR,Belarus,59355,Igor Viktorovich Khokhryakov,M,29.0,176.0,67.0,Biathlon,Biathlon Men's 10 kilometres Sprint,NaN,Nominee,
1994,Winter,Lillehammer,Belarus,BLR,Belarus,59355,Igor Viktorovich Khokhryakov,M,29.0,176.0,67.0,Biathlon,Biathlon Men's 4 x 7.5 kilometres Relay,NaN,Nominee,
1994,Winter,Lillehammer,Belarus,BLR,Belarus,62114,Irina Kokuyeva,F,20.0,163.0,58.0,Biathlon,Biathlon Women's 15 kilometres,NaN,Nominee,
1994,Winter,Lillehammer,Belarus,BLR,Belarus,62114,Irina Kokuyeva,F,20.0,163.0,58.0,Biathlon,Biathlon Women's 4 x 7.5 kilometres Relay,NaN,Nominee,
1994,Winter,Lillehammer,Belarus,BLR,Belarus,62114,Irina Kokuyeva,F,20.0,163.0,58.0,Biathlon,Biathlon Women's 7.5 kilometres Sprint,NaN,Nominee,
1994,Winter,Lillehammer,Belarus,BLR,Belarus,72679,Lyudmila Vasilyevna Lysenko (-Arluskaya),F,20.0,160.0,55.0,Biathlon,Biathlon Women's 7.5 kilometres Sprint,NaN,Nominee,
1994,Winter,Lillehammer,Belarus,BLR,Belarus,77015,Viktor Viktorovich Maygurov,M,25.0,170.0,70.0,Biathlon,Biathlon Men's 10 kilometres Sprint,NaN,Nominee,
1994,Winter,Lillehammer,Belarus,BLR,Belarus,77015,Viktor Viktorovich Maygurov,M,25.0,170.0,70.0,Biathlon,Biathlon Men's 20 kilometres,NaN,Nominee,
1994,Winter,Lillehammer,Belarus,BLR,Belarus,77015,Viktor Viktorovich Maygurov,M,25.0,170.0,70.0,Biathlon,Biathlon Men's 4 x 7.5 kilometres Relay,NaN,Nominee,
1994,Winter,Lillehammer,Belarus,BLR,Belarus,83436,Aleksandr Aleksandrovich Murashko,M,22.0,174.0,63.0,Figure Skating,Figure Skating Men's Singles,NaN,Nominee,
1994,Winter,Lillehammer,Belarus,BLR,Belarus,84796,Tatyana Aleksandrovna Navka,F,18.0,170.0,52.0,Figure Skating,Figure Skating Mixed Ice Dancing,NaN,Nominee,
1994,Winter,Lillehammer,Belarus,BLR,Belarus,87136,Vitaly Leonidovich Novichenko,M,18.0,178.0,72.0,Speed Skating,Speed Skating Men's 1,500 metres,NaN,Nominee
1994,Winter,Lillehammer,Belarus,BLR,Belarus,87136,Vitaly Leonidovich Novichenko,M,18.0,178.0,72.0,Speed Skating,Speed Skating Men's 5,000 metres,NaN,Nominee
1994,Winter,Lillehammer,Belarus,BLR,Belarus,87839,Igor Yuryevich Obukhov,M,24.0,172.0,65.0,Cross Country Skiing,Cross Country Skiing Men's 10 kilometres,NaN,Nominee,
1994,Winter,Lillehammer,Belarus,BLR,Belarus,87839,Igor Yuryevich Obukhov,M,24.0,172.0,65.0,Cross Country Skiing,Cross Country Skiing Men's 10/15 kilometres Pursuit,NaN,Nominee,
1994,Winter,Lillehammer,Belarus,BLR,Belarus,87839,Igor Yuryevich Obukhov,M,24.0,172.0,65.0,Cross Country Skiing,Cross Country Skiing Men's 4 x 10 kilometres Relay,NaN,Nominee,
1994,Winter,Lillehammer,Belarus,BLR,Belarus,87839,Igor Yuryevich Obukhov,M,24.0,172.0,65.0,Cross Country Skiing,Cross Country Skiing Men's 50 kilometres,NaN,Nominee,
1994,Winter,Lillehammer,Belarus,BLR,Belarus,91344,Svetlana Vyacheslavovna Paramygina,F,28.0,164.0,60.0,Biathlon,Biathlon Women's 15 kilometres,NaN,Nominee,
1994,Winter,Lillehammer,Belarus,BLR,Belarus,91344,Svetlana Vyacheslavovna Paramygina,F,28.0,164.0,60.0,Biathlon,Biathlon Women's 4 x 7.5 kilometres Relay,NaN,Nominee,
1994,Winter,Lillehammer,Belarus,BLR,Belarus,91344,Svetlana Vyacheslavovna Paramygina,F,28.0,164.0,60.0,Biathlon,Biathlon Women's 7.5 kilometres Sprint,Silver,Winner,
1994,Winter,Lillehammer,Belarus,BLR,Belarus,91400,Aleksey Leonidovich Parfenkov,M,26.0,170.0,68.0,Freestyle Skiing,Freestyle Skiing Men's Aerials,NaN,Nominee,
1994,Winter,Lillehammer,Belarus,BLR,Belarus,93024,Aleksandr Sergeyevich Penigin,M,20.0,189.0,82.0,Freestyle Skiing,Freestyle Skiing Men's Moguls,NaN,Nominee,
1994,Winter,Lillehammer,Belarus,BLR,Belarus,93491,Nataliya Lvovna Permyakova,F,23.0,165.0,51.0,Biathlon,Biathlon Women's 15 kilometres,NaN,Nominee,
1994,Winter,Lillehammer,Belarus,BLR,Belarus,93491,Nataliya Lvovna Permyakova,F,23.0,165.0,51.0,Biathlon,Biathlon Women's 4 x 7.5 kilometres Relay,NaN,Nominee,
1994,Winter,Lillehammer,Belarus,BLR,Belarus,93491,Nataliya Lvovna Permyakova,F,23.0,165.0,51.0,Biathlon,Biathlon Women's 7.5 kilometres Sprint,NaN,Nominee,
1994,Winter,Lillehammer,Belarus,BLR,Belarus,95123,Yelena Gennadyevna Piraynen,F,24.0,168.0,50.0,Cross Country Skiing,Cross Country Skiing Women's 15 kilometres,NaN,Nominee,
1994,Winter,Lillehammer,Belarus,BLR,Belarus,95123,Yelena Gennadyevna Piraynen,F,24.0,168.0,50.0,Cross Country Skiing,Cross Country Skiing Women's 4 x 5 kilometres Relay,NaN,Nominee,
1994,Winter,Lillehammer,Belarus,BLR,Belarus,95123,Yelena Gennadyevna Piraynen,F,24.0,168.0,50.0,Cross Country Skiing,Cross Country Skiing Women's 5 kilometres,NaN,Nominee,
1994,Winter,Lillehammer,Belarus,BLR,Belarus,95123,Yelena Gennadyevna Piraynen,F,24.0,168.0,50.0,Cross Country Skiing,Cross Country Skiing Women's 5/10 kilometres Pursuit,NaN,Nominee,
1994,Winter,Lillehammer,Belarus,BLR,Belarus,95339,Vyacheslav Anatolyevich Plaksunov,M,25.0,178.0,70.0,Cross Country Skiing,Cross Country Skiing Men's 10 kilometres,NaN,Nominee,
1994,Winter,Lillehammer,Belarus,BLR,Belarus,95339,Vyacheslav Anatolyevich Plaksunov,M,25.0,178.0,70.0,Cross Country Skiing,Cross Country Skiing Men's 10/15 kilometres Pursuit,NaN,Nominee,
1994,Winter,Lillehammer,Belarus,BLR,Belarus,95339,Vyacheslav Anatolyevich Plaksunov,M,25.0,178.0,70.0,Cross Country Skiing,Cross Country Skiing Men's 30 kilometres,NaN,Nominee,
1994,Winter,Lillehammer,Belarus,BLR,Belarus,95339,Vyacheslav Anatolyevich Plaksunov,M,25.0,178.0,70.0,Cross Country Skiing,Cross Country Skiing Men's 4 x 10 kilometres Relay,NaN,Nominee,
1994,Winter,Lillehammer,Belarus,BLR,Belarus,96171,Aleksandr Vladimirovich Popov,M,28.0,176.0,74.0,Biathlon,Biathlon Men's 10 kilometres Sprint,NaN,Nominee,
1994,Winter,Lillehammer,Belarus,BLR,Belarus,96171,Aleksandr Vladimirovich Popov,M,28.0,176.0,74.0,Biathlon,Biathlon Men's 20 kilometres,NaN,Nominee,
1994,Winter,Lillehammer,Belarus,BLR,Belarus,96171,Aleksandr Vladimirovich Popov,M,28.0,176.0,74.0,Biathlon,Biathlon Men's 4 x 7.5 kilometres Relay,NaN,Nominee,
1994,Winter,Lillehammer,Belarus,BLR,Belarus,98528,Yuliya Rakovich,F,19.0,158.0,51.0,Freestyle Skiing,Freestyle Skiing Women's Aerials,NaN,Nominee,
1994,Winter,Lillehammer,Belarus,BLR,Belarus,99480,Yevgeny Leonidovich Redkin,M,24.0,184.0,81.0,Biathlon,Biathlon Men's 20 kilometres,NaN,Nominee,
1994,Winter,Lillehammer,Belarus,BLR,Belarus,103921,Oleg Vladimirovich Ryzhenkov,M,26.0,173.0,73.0,Biathlon,Biathlon Men's 10 kilometres Sprint,NaN,Nominee,
1994,Winter,Lillehammer,Belarus,BLR,Belarus,103921,Oleg Vladimirovich Ryzhenkov,M,26.0,173.0,73.0,Biathlon,Biathlon Men's 4 x 7.5 kilometres Relay,NaN,Nominee,
1994,Winter,Lillehammer,Belarus,BLR,Belarus,103922,Nataliya Anatolyevna Ryzhenkova,F,21.0,169.0,57.0,Biathlon,Biathlon Women's 15 kilometres,NaN,Nominee,
1994,Winter,Lillehammer,Belarus,BLR,Belarus,103922,Nataliya Anatolyevna Ryzhenkova,F,21.0,169.0,57.0,Biathlon,Biathlon Women's 4 x 7.5 kilometres Relay,NaN,Nominee,
1994,Winter,Lillehammer,Belarus,BLR,Belarus,105939,Vadim Leonidovich Sashurin,M,23.0,182.0,76.0,Biathlon,Biathlon Men's 20 kilometres,NaN,Nominee,
1994,Winter,Lillehammer,Belarus,BLR,Belarus,109665,Sergey Sheyko,M,21.0,178.0,68.0,Figure Skating,Figure Skating Mixed Pairs,NaN,Nominee,
1994,Winter,Lillehammer,Belarus,BLR,Belarus,111297,Yelena Alekseyevna Sinkevich,F,22.0,162.0,53.0,Cross Country Skiing,Cross Country Skiing Women's 15 kilometres,NaN,Nominee,
1994,Winter,Lillehammer,Belarus,BLR,Belarus,111297,Yelena Alekseyevna Sinkevich,F,22.0,162.0,53.0,Cross Country Skiing,Cross Country Skiing Women's 30 kilometres,NaN,Nominee,
1994,Winter,Lillehammer,Belarus,BLR,Belarus,111297,Yelena Alekseyevna Sinkevich,F,22.0,162.0,53.0,Cross Country Skiing,Cross Country Skiing Women's 4 x 5 kilometres Relay,NaN,Nominee,
1994,Winter,Lillehammer,Belarus,BLR,Belarus,111297,Yelena Alekseyevna Sinkevich,F,22.0,162.0,53.0,Cross Country Skiing,Cross Country Skiing Women's 5 kilometres,NaN,Nominee,
1994,Winter,Lillehammer,Belarus,BLR,Belarus,111297,Yelena Alekseyevna Sinkevich,F,22.0,162.0,53.0,Cross Country Skiing,Cross Country Skiing Women's 5/10 kilometres Pursuit,NaN,Nominee,
1994,Winter,Lillehammer,Belarus,BLR,Belarus,111325,Aleksandr Petrovich Sinyavsky,M,16.0,172.0,57.0,Ski Jumping,Ski Jumping Men's Large Hill,Individual,NaN,Nominee
1994,Winter,Lillehammer,Belarus,BLR,Belarus,111325,Aleksandr Petrovich Sinyavsky,M,16.0,172.0,57.0,Ski Jumping,Ski Jumping Men's Normal Hill,Individual,NaN,Nominee
1994,Winter,Lillehammer,Belarus,BLR,Belarus,127489,Vasily Aleksandrovich Vorobyov,M,22.0,173.0,69.0,Freestyle Skiing,Freestyle Skiing Men's Aerials,NaN,Nominee,
1994,Winter,Lillehammer,Belarus,BLR,Belarus,133762,Sergey Petrovich Zakharenko,M,19.0,170.0,64.0,Nordic Combined,Nordic Combined Men's Individual,NaN,Nominee,
1994,Winter,Lillehammer,Belarus,BLR,Belarus,134718,Igor Nikolayevich Zhelezovsky,M,30.0,186.0,95.0,Speed Skating,Speed Skating Men's 1,000 metres,Silver,Winner
1994,Winter,Lillehammer,Belarus,BLR,Belarus,134718,Igor Nikolayevich Zhelezovsky,M,30.0,186.0,95.0,Speed Skating,Speed Skating Men's 500 metres,NaN,Nominee,
1994,Winter,Lillehammer,Belgium,BEL,Belgium,12112,Geert Blanchart,M,27.0,180.0,74.0,Short Track Speed Skating,Short Track Speed Skating Men's 1,000 metres,NaN,Nominee
1994,Winter,Lillehammer,Belgium,BEL,Belgium,30465,Vronique Dugailly,F,26.0,169.0,56.0,Alpine Skiing,Alpine Skiing Women's Combined,NaN,Nominee,
1994,Winter,Lillehammer,Belgium,BEL,Belgium,30465,Vronique Dugailly,F,26.0,169.0,56.0,Alpine Skiing,Alpine Skiing Women's Downhill,NaN,Nominee,
1994,Winter,Lillehammer,Belgium,BEL,Belgium,51334,Stephan Huygen,M,26.0,183.0,85.0,Short Track Speed Skating,Short Track Speed Skating Men's 500 metres,NaN,Nominee,
1994,Winter,Lillehammer,Belgium,BEL,Belgium,95029,Bea Pintens,F,21.0,NaN,NaN,Short Track Speed Skating,Short Track Speed Skating Women's 1,000 metres,NaN,Nominee
1994,Winter,Lillehammer,Belgium,BEL,Belgium,95029,Bea Pintens,F,21.0,NaN,NaN,Short Track Speed Skating,Short Track Speed Skating Women's 500 metres,NaN,Nominee,
1994,Winter,Lillehammer,Belgium,BEL,Belgium,95031,Sofie Pintens,F,19.0,157.0,50.0,Short Track Speed Skating,Short Track Speed Skating Women's 1,000 metres,NaN,Nominee
1994,Winter,Lillehammer,Belgium,BEL,Belgium,95031,Sofie Pintens,F,19.0,157.0,50.0,Short Track Speed Skating,Short Track Speed Skating Women's 500 metres,NaN,Nominee,
1994,Winter,Lillehammer,Bermuda,BER,Bermuda,92418,Simon J. Payne,M,29.0,196.0,95.0,Luge,Luge Men's Singles,NaN,Nominee,
1994,Winter,Lillehammer,Bosnia and Herzegovina,BIH,Bosnia and Herzegovina,6453,Bekim Babi,M,19.0,NaN,NaN,Cross Country Skiing,Cross Country Skiing Men's 10 kilometres,NaN,Nominee,
1994,Winter,Lillehammer,Bosnia and Herzegovina,BIH,Bosnia and Herzegovina,6453,Bekim Babi,M,19.0,NaN,NaN,Cross Country Skiing,Cross Country Skiing Men's 10/15 kilometres Pursuit,NaN,Nominee,
1994,Winter,Lillehammer,Bosnia and Herzegovina,BIH,Bosnia and Herzegovina,9159,Enis Beirbegovi,M,17.0,181.0,90.0,Alpine Skiing,Alpine Skiing Men's Giant Slalom,NaN,Nominee,
1994,Winter,Lillehammer,Bosnia and Herzegovina,BIH,Bosnia and Herzegovina,13388,Arijana Boras,F,17.0,170.0,61.0,Alpine Skiing,Alpine Skiing Women's Slalom,NaN,Nominee,
1994,Winter,Lillehammer,Bosnia and Herzegovina,BIH,Bosnia and Herzegovina,13389,Igor Boras,M,26.0,NaN,NaN,Bobsleigh,Bobsleigh Men's Four,NaN,Nominee,
1994,Winter,Lillehammer,Bosnia and Herzegovina,BIH,Bosnia and Herzegovina,45906,Izet Harai,M,28.0,NaN,NaN,Bobsleigh,Bobsleigh Men's Four,NaN,Nominee,
1994,Winter,Lillehammer,Bosnia and Herzegovina,BIH,Bosnia and Herzegovina,71163,Nedad Lomigora,M,22.0,NaN,NaN,Luge,Luge Men's Singles,NaN,Nominee,
1994,Winter,Lillehammer,Bosnia and Herzegovina,BIH,Bosnia and Herzegovina,75143,Verona Marjanovi,F,20.0,NaN,NaN,Luge,Luge Women's Singles,NaN,Nominee,
1994,Winter,Lillehammer,Bosnia and Herzegovina,BIH,Bosnia and Herzegovina,112819,Zoran Sokolovi,M,28.0,182.0,92.0,Bobsleigh,Bobsleigh Men's Four,NaN,Nominee,
1994,Winter,Lillehammer,Bosnia and Herzegovina,BIH,Bosnia and Herzegovina,112819,Zoran Sokolovi,M,28.0,182.0,92.0,Bobsleigh,Bobsleigh Men's Two,NaN,Nominee,
1994,Winter,Lillehammer,Bosnia and Herzegovina,BIH,Bosnia and Herzegovina,115394,Zdravko Stojni,M,36.0,NaN,NaN,Bobsleigh,Bobsleigh Men's Two,NaN,Nominee,
1994,Winter,Lillehammer,Bosnia and Herzegovina,BIH,Bosnia and Herzegovina,133633,Nizar Zaciragi,M,25.0,NaN,NaN,Bobsleigh,Bobsleigh Men's Four,NaN,Nominee,
1994,Winter,Lillehammer,Brazil,BRA,Brazil,83269,Lothar Christian Munder,M,31.0,188.0,88.0,Alpine Skiing,Alpine Skiing Men's Downhill,NaN,Nominee,
1994,Winter,Lillehammer,Bulgaria,BUL,Bulgaria,559,Tsvetelina Abrasheva,F,16.0,NaN,NaN,Figure Skating,Figure Skating Women's Singles,NaN,Nominee,
1994,Winter,Lillehammer,Bulgaria,BUL,Bulgaria,2521,Nadezhda Aleksieva,F,24.0,165.0,57.0,Biathlon,Biathlon Women's 15 kilometres,NaN,Nominee,
1994,Winter,Lillehammer,Bulgaria,BUL,Bulgaria,2521,Nadezhda Aleksieva,F,24.0,165.0,57.0,Biathlon,Biathlon Women's 4 x 7.5 kilometres Relay,NaN,Nominee,
1994,Winter,Lillehammer,Bulgaria,BUL,Bulgaria,5765,Valentin Georgiev Atanasov,M,32.0,188.0,95.0,Bobsleigh,Bobsleigh Men's Two,NaN,Nominee,
1994,Winter,Lillehammer,Bulgaria,BUL,Bulgaria,8570,Slavcho Todorov Batinkov,M,24.0,178.0,64.0,Cross Country Skiing,Cross Country Skiing Men's 10 kilometres,NaN,Nominee,
1994,Winter,Lillehammer,Bulgaria,BUL,Bulgaria,8570,Slavcho Todorov Batinkov,M,24.0,178.0,64.0,Cross Country Skiing,Cross Country Skiing Men's 10/15 kilometres Pursuit,NaN,Nominee,
1994,Winter,Lillehammer,Bulgaria,BUL,Bulgaria,8570,Slavcho Todorov Batinkov,M,24.0,178.0,64.0,Cross Country Skiing,Cross Country Skiing Men's 30 kilometres,NaN,Nominee,
1994,Winter,Lillehammer,Bulgaria,BUL,Bulgaria,24808,Ekaterina Stefanova Dafovska (-Prodanova),F,18.0,163.0,54.0,Biathlon,Biathlon Women's 4 x 7.5 kilometres Relay,NaN,Nominee,
1994,Winter,Lillehammer,Bulgaria,BUL,Bulgaria,24808,Ekaterina Stefanova Dafovska (-Prodanova),F,18.0,163.0,54.0,Biathlon,Biathlon Women's 7.5 kilometres Sprint,NaN,Nominee,
1994,Winter,Lillehammer,Bulgaria,BUL,Bulgaria,28328,Petar Simeonov Dichev,M,24.0,177.0,77.0,Alpine Skiing,Alpine Skiing Men's Combined,NaN,Nominee,
1994,Winter,Lillehammer,Bulgaria,BUL,Bulgaria,28328,Petar Simeonov Dichev,M,24.0,177.0,77.0,Alpine Skiing,Alpine Skiing Men's Downhill,NaN,Nominee,
1994,Winter,Lillehammer,Bulgaria,BUL,Bulgaria,28328,Petar Simeonov Dichev,M,24.0,177.0,77.0,Alpine Skiing,Alpine Skiing Men's Slalom,NaN,Nominee,
1994,Winter,Lillehammer,Bulgaria,BUL,Bulgaria,57397,Ilko Angelov Karacholov,M,24.0,184.0,82.0,Luge,Luge Mixed (Men)'s Doubles,NaN,Nominee,
1994,Winter,Lillehammer,Bulgaria,BUL,Bulgaria,57398,Ivan Angelov Karacholov,M,25.0,180.0,82.0,Luge,Luge Mixed (Men)'s Doubles,NaN,Nominee,
1994,Winter,Lillehammer,Bulgaria,BUL,Bulgaria,57426,Iva Karagiozova-Shkodreva,F,22.0,163.0,55.0,Biathlon,Biathlon Women's 15 kilometres,NaN,Nominee,
1994,Winter,Lillehammer,Bulgaria,BUL,Bulgaria,57426,Iva Karagiozova-Shkodreva,F,22.0,163.0,55.0,Biathlon,Biathlon Women's 4 x 7.5 kilometres Relay,NaN,Nominee,
1994,Winter,Lillehammer,Bulgaria,BUL,Bulgaria,57426,Iva Karagiozova-Shkodreva,F,22.0,163.0,55.0,Biathlon,Biathlon Women's 7.5 kilometres Sprint,NaN,Nominee,
1994,Winter,Lillehammer,Bulgaria,BUL,Bulgaria,74553,Mariya Momcheva Manolova,F,30.0,182.0,65.0,Biathlon,Biathlon Women's 15 kilometres,NaN,Nominee,
1994,Winter,Lillehammer,Bulgaria,BUL,Bulgaria,74553,Mariya Momcheva Manolova,F,30.0,182.0,65.0,Biathlon,Biathlon Women's 4 x 7.5 kilometres Relay,NaN,Nominee,
1994,Winter,Lillehammer,Bulgaria,BUL,Bulgaria,74553,Mariya Momcheva Manolova,F,30.0,182.0,65.0,Biathlon,Biathlon Women's 7.5 kilometres Sprint,NaN,Nominee,
1994,Winter,Lillehammer,Bulgaria,BUL,Bulgaria,86318,Irina Kostadinova Nikulchina,F,19.0,172.0,55.0,Cross Country Skiing,Cross Country Skiing Women's 15 kilometres,NaN,Nominee,
1994,Winter,Lillehammer,Bulgaria,BUL,Bulgaria,86318,Irina Kostadinova Nikulchina,F,19.0,172.0,55.0,Cross Country Skiing,Cross Country Skiing Women's 30 kilometres,NaN,Nominee,
1994,Winter,Lillehammer,Bulgaria,BUL,Bulgaria,86318,Irina Kostadinova Nikulchina,F,19.0,172.0,55.0,Cross Country Skiing,Cross Country Skiing Women's 5 kilometres,NaN,Nominee,
1994,Winter,Lillehammer,Bulgaria,BUL,Bulgaria,86318,Irina Kostadinova Nikulchina,F,19.0,172.0,55.0,Cross Country Skiing,Cross Country Skiing Women's 5/10 kilometres Pursuit,NaN,Nominee,
1994,Winter,Lillehammer,Bulgaria,BUL,Bulgaria,95366,Iskren Milkov Plankov,M,24.0,180.0,78.0,Cross Country Skiing,Cross Country Skiing Men's 10 kilometres,NaN,Nominee,
1994,Winter,Lillehammer,Bulgaria,BUL,Bulgaria,95366,Iskren Milkov Plankov,M,24.0,180.0,78.0,Cross Country Skiing,Cross Country Skiing Men's 10/15 kilometres Pursuit,NaN,Nominee,
1994,Winter,Lillehammer,Bulgaria,BUL,Bulgaria,96181,Lyubomir Svetoslavov Popov,M,26.0,184.0,81.0,Alpine Skiing,Alpine Skiing Men's Combined,NaN,Nominee,
1994,Winter,Lillehammer,Bulgaria,BUL,Bulgaria,96181,Lyubomir Svetoslavov Popov,M,26.0,184.0,81.0,Alpine Skiing,Alpine Skiing Men's Giant Slalom,NaN,Nominee,
1994,Winter,Lillehammer,Bulgaria,BUL,Bulgaria,96181,Lyubomir Svetoslavov Popov,M,26.0,184.0,81.0,Alpine Skiing,Alpine Skiing Men's Slalom,NaN,Nominee,
1994,Winter,Lillehammer,Bulgaria,BUL,Bulgaria,96181,Lyubomir Svetoslavov Popov,M,26.0,184.0,81.0,Alpine Skiing,Alpine Skiing Men's Super G,NaN,Nominee,
1994,Winter,Lillehammer,Bulgaria,BUL,Bulgaria,98107,Evgeniya Nikolova Radanova,F,16.0,166.0,65.0,Short Track Speed Skating,Short Track Speed Skating Women's 1,000 metres,NaN,Nominee
1994,Winter,Lillehammer,Bulgaria,BUL,Bulgaria,98107,Evgeniya Nikolova Radanova,F,16.0,166.0,65.0,Short Track Speed Skating,Short Track Speed Skating Women's 500 metres,NaN,Nominee,
1994,Winter,Lillehammer,Bulgaria,BUL,Bulgaria,126383,Krasimir Petrov Videnov,M,25.0,182.0,82.0,Biathlon,Biathlon Men's 10 kilometres Sprint,NaN,Nominee,
1994,Winter,Lillehammer,Bulgaria,BUL,Bulgaria,126383,Krasimir Petrov Videnov,M,25.0,182.0,82.0,Biathlon,Biathlon Men's 20 kilometres,NaN,Nominee,
1994,Winter,Lillehammer,Bulgaria,BUL,Bulgaria,126513,Tsvetozar Ivanov Viktorov,M,31.0,186.0,103.0,Bobsleigh,Bobsleigh Men's Two,NaN,Nominee,
1994,Winter,Lillehammer,Bulgaria,BUL,Bulgaria,135199,Petar Georgiev Zografov,M,29.0,168.0,75.0,Cross Country Skiing,Cross Country Skiing Men's 10 kilometres,NaN,Nominee,
1994,Winter,Lillehammer,Bulgaria,BUL,Bulgaria,135199,Petar Georgiev Zografov,M,29.0,168.0,75.0,Cross Country Skiing,Cross Country Skiing Men's 10/15 kilometres Pursuit,NaN,Nominee,
1994,Winter,Lillehammer,Bulgaria,BUL,Bulgaria,135199,Petar Georgiev Zografov,M,29.0,168.0,75.0,Cross Country Skiing,Cross Country Skiing Men's 30 kilometres,NaN,Nominee,
1994,Winter,Lillehammer,Canada,CAN,Canada,5714,Mark Astley,M,24.0,180.0,84.0,Ice Hockey,Ice Hockey Men's Ice Hockey,Silver,Winner,
1994,Winter,Lillehammer,Canada,CAN,Canada,5908,Susan Margaret Auch,F,27.0,172.0,65.0,Speed Skating,Speed Skating Women's 1,000 metres,NaN,Nominee
1994,Winter,Lillehammer,Canada,CAN,Canada,5908,Susan Margaret Auch,F,27.0,172.0,65.0,Speed Skating,Speed Skating Women's 500 metres,Silver,Winner,
1994,Winter,Lillehammer,Canada,CAN,Canada,5910,Adrian Mark Aucoin,M,20.0,188.0,94.0,Ice Hockey,Ice Hockey Men's Ice Hockey,Silver,Winner,
1994,Winter,Lillehammer,Canada,CAN,Canada-2,7607,Sheridon Baptiste,M,30.0,182.0,84.0,Bobsleigh,Bobsleigh Men's Four,NaN,Nominee,
1994,Winter,Lillehammer,Canada,CAN,Canada,9278,Myriam Bdard,F,24.0,161.0,54.0,Biathlon,Biathlon Women's 15 kilometres,Gold,Winner,
1994,Winter,Lillehammer,Canada,CAN,Canada,9278,Myriam Bdard,F,24.0,161.0,54.0,Biathlon,Biathlon Women's 4 x 7.5 kilometres Relay,NaN,Nominee,
1994,Winter,Lillehammer,Canada,CAN,Canada,9278,Myriam Bdard,F,24.0,161.0,54.0,Biathlon,Biathlon Women's 7.5 kilometres Sprint,Gold,Winner,
1994,Winter,Lillehammer,Canada,CAN,Canada,10386,Kristin Inger Berg,F,25.0,157.0,56.0,Biathlon,Biathlon Women's 15 kilometres,NaN,Nominee,
1994,Winter,Lillehammer,Canada,CAN,Canada,10386,Kristin Inger Berg,F,25.0,157.0,56.0,Biathlon,Biathlon Women's 4 x 7.5 kilometres Relay,NaN,Nominee,
1994,Winter,Lillehammer,Canada,CAN,Canada,12001,Frdric Blackburn,M,21.0,175.0,71.0,Short Track Speed Skating,Short Track Speed Skating Men's 1,000 metres,NaN,Nominee
1994,Winter,Lillehammer,Canada,CAN,Canada,12001,Frdric Blackburn,M,21.0,175.0,71.0,Short Track Speed Skating,Short Track Speed Skating Men's 5,000 metres Relay,NaN,Nominee
1994,Winter,Lillehammer,Canada,CAN,Canada,12001,Frdric Blackburn,M,21.0,175.0,71.0,Short Track Speed Skating,Short Track Speed Skating Men's 500 metres,NaN,Nominee,
1994,Winter,Lillehammer,Canada,CAN,Canada,13922,Dany Bouchard,M,26.0,177.0,75.0,Cross Country Skiing,Cross Country Skiing Men's 10 kilometres,NaN,Nominee,
1994,Winter,Lillehammer,Canada,CAN,Canada,13922,Dany Bouchard,M,26.0,177.0,75.0,Cross Country Skiing,Cross Country Skiing Men's 10/15 kilometres Pursuit,NaN,Nominee,
1994,Winter,Lillehammer,Canada,CAN,Canada,13922,Dany Bouchard,M,26.0,177.0,75.0,Cross Country Skiing,Cross Country Skiing Men's 30 kilometres,NaN,Nominee,
1994,Winter,Lillehammer,Canada,CAN,Canada,13922,Dany Bouchard,M,26.0,177.0,75.0,Cross Country Skiing,Cross Country Skiing Men's 50 kilometres,NaN,Nominee,
1994,Winter,Lillehammer,Canada,CAN,Canada,13928,"Patrick ""Pat"" Bouchard",M,20.0,177.0,78.0,Speed Skating,Speed Skating Men's 1,500 metres,NaN,Nominee
1994,Winter,Lillehammer,Canada,CAN,Canada,13929,Sylvain Bouchard,M,23.0,178.0,88.0,Speed Skating,Speed Skating Men's 1,000 metres,NaN,Nominee
1994,Winter,Lillehammer,Canada,CAN,Canada,13929,Sylvain Bouchard,M,23.0,178.0,88.0,Speed Skating,Speed Skating Men's 500 metres,NaN,Nominee,
1994,Winter,Lillehammer,Canada,CAN,Canada,13978,Christine-Isabel Boudrias,F,21.0,165.0,61.0,Short Track Speed Skating,Short Track Speed Skating Women's 3,000 metres Relay,Silver,Winner
1994,Winter,Lillehammer,Canada,CAN,Canada,14133,Shae-Lynn Bourne (-Morozov),F,18.0,163.0,53.0,Figure Skating,Figure Skating Mixed Ice Dancing,NaN,Nominee,
1994,Winter,Lillehammer,Canada,CAN,Canada,14713,Jean-Luc Brassard,M,21.0,173.0,71.0,Freestyle Skiing,Freestyle Skiing Men's Moguls,Gold,Winner,
1994,Winter,Lillehammer,Canada,CAN,Canada-1,14718,Isabelle Brasseur (-Marval),F,23.0,150.0,44.0,Figure Skating,Figure Skating Mixed Pairs,Bronze,Winner,
1994,Winter,Lillehammer,Canada,CAN,Canada,15185,Sbastien Britten,M,23.0,172.0,64.0,Figure Skating,Figure Skating Men's Singles,NaN,Nominee,
1994,Winter,Lillehammer,Canada,CAN,Canada,15624,Kurt Browning,M,27.0,170.0,65.0,Figure Skating,Figure Skating Men's Singles,NaN,Nominee,
1994,Winter,Lillehammer,Canada,CAN,Canada,17700,Derrick Nathan Campbell,M,21.0,175.0,71.0,Short Track Speed Skating,Short Track Speed Skating Men's 1,000 metres,NaN,Nominee
1994,Winter,Lillehammer,Canada,CAN,Canada,17700,Derrick Nathan Campbell,M,21.0,175.0,71.0,Short Track Speed Skating,Short Track Speed Skating Men's 5,000 metres Relay,NaN,Nominee
1994,Winter,Lillehammer,Canada,CAN,Canada,17700,Derrick Nathan Campbell,M,21.0,175.0,71.0,Short Track Speed Skating,Short Track Speed Skating Men's 500 metres,NaN,Nominee,
1994,Winter,Lillehammer,Canada,CAN,Canada,18038,"Andrew ""Andy"" Capicik",M,20.0,170.0,63.0,Freestyle Skiing,Freestyle Skiing Men's Aerials,NaN,Nominee,
1994,Winter,Lillehammer,Canada,CAN,Canada-1,18428,Pascal Caron,M,21.0,173.0,80.0,Bobsleigh,Bobsleigh Men's Four,NaN,Nominee,
1994,Winter,Lillehammer,Canada,CAN,Canada,19880,Isabelle Charest (-Charbonneau),F,23.0,163.0,63.0,Short Track Speed Skating,Short Track Speed Skating Women's 1,000 metres,NaN,Nominee
1994,Winter,Lillehammer,Canada,CAN,Canada,19880,Isabelle Charest (-Charbonneau),F,23.0,163.0,63.0,Short Track Speed Skating,Short Track Speed Skating Women's 3,000 metres Relay,Silver,Winner
1994,Winter,Lillehammer,Canada,CAN,Canada,19880,Isabelle Charest (-Charbonneau),F,23.0,163.0,63.0,Short Track Speed Skating,Short Track Speed Skating Women's 500 metres,NaN,Nominee,
1994,Winter,Lillehammer,Canada,CAN,Canada,21171,Jose Chouinard (-Bombardier),F,24.0,157.0,50.0,Figure Skating,Figure Skating Women's Singles,NaN,Nominee,
1994,Winter,Lillehammer,Canada,CAN,Canada,23953,"Robert James ""Rob"" Crossan",M,25.0,183.0,84.0,Alpine Skiing,Alpine Skiing Men's Giant Slalom,NaN,Nominee,
1994,Winter,Lillehammer,Canada,CAN,Canada,23953,"Robert James ""Rob"" Crossan",M,25.0,183.0,84.0,Alpine Skiing,Alpine Skiing Men's Slalom,NaN,Nominee,
1994,Winter,Lillehammer,Canada,CAN,Canada,24503,"Steven ""Steve"" Cyr",M,26.0,174.0,77.0,Biathlon,Biathlon Men's 10 kilometres Sprint,NaN,Nominee,
1994,Winter,Lillehammer,Canada,CAN,Canada,24503,"Steven ""Steve"" Cyr",M,26.0,174.0,77.0,Biathlon,Biathlon Men's 20 kilometres,NaN,Nominee,
1994,Winter,Lillehammer,Canada,CAN,Canada,24921,Sylvie Daigle,F,31.0,168.0,61.0,Short Track Speed Skating,Short Track Speed Skating Women's 1,000 metres,NaN,Nominee
1994,Winter,Lillehammer,Canada,CAN,Canada,24921,Sylvie Daigle,F,31.0,168.0,61.0,Short Track Speed Skating,Short Track Speed Skating Women's 3,000 metres Relay,Silver,Winner
1994,Winter,Lillehammer,Canada,CAN,Canada,24921,Sylvie Daigle,F,31.0,168.0,61.0,Short Track Speed Skating,Short Track Speed Skating Women's 500 metres,NaN,Nominee,
1994,Winter,Lillehammer,Canada,CAN,Canada-1,31778,Lloyd Edgar Eisler,Jr.,M,30.0,180.0,81.0,Figure Skating,Figure Skating Mixed Pairs,Bronze,Winner
1994,Winter,Lillehammer,Canada,CAN,Canada-2,34174,"Christian Douglas ""Chris"" Farstad",M,24.0,180.0,93.0,Bobsleigh,Bobsleigh Men's Four,NaN,Nominee,
1994,Winter,Lillehammer,Canada,CAN,Canada,36152,Nicolas Fontaine,M,23.0,168.0,70.0,Freestyle Skiing,Freestyle Skiing Men's Aerials,NaN,Nominee,
1994,Winter,Lillehammer,Canada,CAN,Canada,36379,Genevieve Fortin,F,21.0,157.0,50.0,Freestyle Skiing,Freestyle Skiing Women's Moguls,NaN,Nominee,
1994,Winter,Lillehammer,Canada,CAN,Canada,37897,Marc Gagnon,M,18.0,184.0,75.0,Short Track Speed Skating,Short Track Speed Skating Men's 1,000 metres,Bronze,Winner
1994,Winter,Lillehammer,Canada,CAN,Canada,37897,Marc Gagnon,M,18.0,184.0,75.0,Short Track Speed Skating,Short Track Speed Skating Men's 5,000 metres Relay,NaN,Nominee
1994,Winter,Lillehammer,Canada,CAN,Canada,37897,Marc Gagnon,M,18.0,184.0,75.0,Short Track Speed Skating,Short Track Speed Skating Men's 500 metres,NaN,Nominee,
1994,Winter,Lillehammer,Canada,CAN,Canada,38982,"Robert ""Bob"" Gasper",M,35.0,178.0,84.0,Luge,Luge Mixed (Men)'s Doubles,NaN,Nominee,
1994,Winter,Lillehammer,Canada,CAN,Canada-2,40265,Glenroy John Gilbert,M,25.0,183.0,79.0,Bobsleigh,Bobsleigh Men's Four,NaN,Nominee,
1994,Winter,Lillehammer,Canada,CAN,Canada-2,40265,Glenroy John Gilbert,M,25.0,183.0,79.0,Bobsleigh,Bobsleigh Men's Two,NaN,Nominee,
1994,Winter,Lillehammer,Canada,CAN,Canada,42048,Stephen James Gough,M,21.0,182.0,75.0,Short Track Speed Skating,Short Track Speed Skating Men's 5,000 metres Relay,NaN,Nominee
1994,Winter,Lillehammer,Canada,CAN,Canada,42366,Thomas Grandi,M,21.0,178.0,84.0,Alpine Skiing,Alpine Skiing Men's Giant Slalom,NaN,Nominee,
1994,Winter,Lillehammer,Canada,CAN,Canada,42366,Thomas Grandi,M,21.0,178.0,84.0,Alpine Skiing,Alpine Skiing Men's Slalom,NaN,Nominee,
1994,Winter,Lillehammer,Canada,CAN,Canada,45028,"Michael Larry ""Mike"" Hall",M,24.0,186.0,77.0,Speed Skating,Speed Skating Men's 5,000 metres,NaN,Nominee
1994,Winter,Lillehammer,Canada,CAN,Canada,45279,Gillian Ruth Hamilton,F,24.0,172.0,57.0,Biathlon,Biathlon Women's 7.5 kilometres Sprint,NaN,Nominee,
1994,Winter,Lillehammer,Canada,CAN,Canada,46075,David A. Harlock,M,22.0,188.0,89.0,Ice Hockey,Ice Hockey Men's Ice Hockey,Silver,Winner,
1994,Winter,Lillehammer,Canada,CAN,Canada,48808,Corey Hirsch,M,21.0,178.0,73.0,Ice Hockey,Ice Hockey Men's Ice Hockey,Silver,Winner,
1994,Winter,Lillehammer,Canada,CAN,Canada,48921,Todd Bradley Hlushko,M,24.0,180.0,89.0,Ice Hockey,Ice Hockey Men's Ice Hockey,Silver,Winner,
1994,Winter,Lillehammer,Canada,CAN,Canada,51007,Susan Anne Humphreys,F,18.0,165.0,54.0,Figure Skating,Figure Skating Women's Singles,NaN,Nominee,
1994,Winter,Lillehammer,Canada,CAN,Canada,52345,"Michael James Grant ""Mike"" Ireland",M,20.0,181.0,79.0,Speed Skating,Speed Skating Men's 500 metres,NaN,Nominee,
1994,Winter,Lillehammer,Canada,CAN,Canada,52346,Sean David Patrick Ireland,M,24.0,188.0,82.0,Speed Skating,Speed Skating Men's 1,000 metres,NaN,Nominee
1994,Winter,Lillehammer,Canada,CAN,Canada,52346,Sean David Patrick Ireland,M,24.0,188.0,82.0,Speed Skating,Speed Skating Men's 500 metres,NaN,Nominee,
1994,Winter,Lillehammer,Canada,CAN,Canada,52430,Jane Lisa Isakson,F,28.0,165.0,57.0,Biathlon,Biathlon Women's 4 x 7.5 kilometres Relay,NaN,Nominee,
1994,Winter,Lillehammer,Canada,CAN,Canada,52916,"James ""Clay"" Ives",M,21.0,175.0,80.0,Luge,Luge Men's Singles,NaN,Nominee,
1994,Winter,Lillehammer,Canada,CAN,Canada,52916,"James ""Clay"" Ives",M,21.0,175.0,80.0,Luge,Luge Mixed (Men)'s Doubles,NaN,Nominee,
1994,Winter,Lillehammer,Canada,CAN,Canada,55382,"Gregory ""Greg"" Johnson",M,22.0,178.0,79.0,Ice Hockey,Ice Hockey Men's Ice Hockey,Silver,Winner,
1994,Winter,Lillehammer,Canada,CAN,Canada,55484,Linda Marie Johnson-Blair,F,22.0,162.0,57.0,Speed Skating,Speed Skating Women's 500 metres,NaN,Nominee,
1994,Winter,Lillehammer,Canada,CAN,Canada,55949,Fabian Gerard Joseph,M,28.0,173.0,80.0,Ice Hockey,Ice Hockey Men's Ice Hockey,Silver,Winner,
1994,Winter,Lillehammer,Canada,CAN,Canada,57574,Paul Tetsuhiko Kariya,M,19.0,178.0,78.0,Ice Hockey,Ice Hockey Men's Ice Hockey,Silver,Winner,
1994,Winter,Lillehammer,Canada,CAN,Canada,58588,"Leonard Patrick ""Pat"" Kelly",M,31.0,180.0,79.0,Speed Skating,Speed Skating Men's 1,000 metres,NaN,Nominee
1994,Winter,Lillehammer,Canada,CAN,Canada,58588,"Leonard Patrick ""Pat"" Kelly",M,31.0,180.0,79.0,Speed Skating,Speed Skating Men's 1,500 metres,NaN,Nominee
1994,Winter,Lillehammer,Canada,CAN,Canada,58588,"Leonard Patrick ""Pat"" Kelly",M,31.0,180.0,79.0,Speed Skating,Speed Skating Men's 500 metres,NaN,Nominee,
1994,Winter,Lillehammer,Canada,CAN,Canada,62584,"Christopher ""Chris"" Kontos",M,30.0,185.0,89.0,Ice Hockey,Ice Hockey Men's Ice Hockey,Silver,Winner,
1994,Winter,Lillehammer,Canada,CAN,Canada,63651,Victor J. Kraatz,M,22.0,178.0,65.0,Figure Skating,Figure Skating Mixed Ice Dancing,NaN,Nominee,
1994,Winter,Lillehammer,Canada,CAN,Canada,64506,Katherina Kubenk,F,23.0,175.0,68.0,Freestyle Skiing,Freestyle Skiing Women's Aerials,NaN,Nominee,
1994,Winter,Lillehammer,Canada,CAN,Canada,64506,Katherina Kubenk,F,23.0,175.0,68.0,Freestyle Skiing,Freestyle Skiing Women's Moguls,NaN,Nominee,
1994,Winter,Lillehammer,Canada,CAN,Canada,66156,Nathalie Brigitte Lambert,F,30.0,170.0,65.0,Short Track Speed Skating,Short Track Speed Skating Women's 1,000 metres,Silver,Winner
1994,Winter,Lillehammer,Canada,CAN,Canada,66156,Nathalie Brigitte Lambert,F,30.0,170.0,65.0,Short Track Speed Skating,Short Track Speed Skating Women's 3,000 metres Relay,Silver,Winner
1994,Winter,Lillehammer,Canada,CAN,Canada,66156,Nathalie Brigitte Lambert,F,30.0,170.0,65.0,Short Track Speed Skating,Short Track Speed Skating Women's 500 metres,NaN,Nominee,
1994,Winter,Lillehammer,Canada,CAN,Canada,66500,Lloyd Langlois,M,31.0,167.0,64.0,Freestyle Skiing,Freestyle Skiing Men's Aerials,Bronze,Winner,
1994,Winter,Lillehammer,Canada,CAN,Canada,66739,Philippe LaRoche,M,27.0,180.0,80.0,Freestyle Skiing,Freestyle Skiing Men's Aerials,Silver,Winner,
1994,Winter,Lillehammer,Canada,CAN,Canada,67528,Catriona Ann Le May Doan,F,23.0,170.0,70.0,Speed Skating,Speed Skating Women's 1,000 metres,NaN,Nominee
1994,Winter,Lillehammer,Canada,CAN,Canada,67528,Catriona Ann Le May Doan,F,23.0,170.0,70.0,Speed Skating,Speed Skating Women's 1,500 metres,NaN,Nominee
1994,Winter,Lillehammer,Canada,CAN,Canada,67528,Catriona Ann Le May Doan,F,23.0,170.0,70.0,Speed Skating,Speed Skating Women's 500 metres,NaN,Nominee,
1994,Winter,Lillehammer,Canada,CAN,Canada,68224,Kerrin Anne Lee-Gartner,F,27.0,171.0,63.0,Alpine Skiing,Alpine Skiing Women's Downhill,NaN,Nominee,
1994,Winter,Lillehammer,Canada,CAN,Canada,68224,Kerrin Anne Lee-Gartner,F,27.0,171.0,63.0,Alpine Skiing,Alpine Skiing Women's Super G,NaN,Nominee,
1994,Winter,Lillehammer,Canada,CAN,Canada,69764,Ingrid Liepa,F,27.0,175.0,68.0,Speed Skating,Speed Skating Women's 1,000 metres,NaN,Nominee
1994,Winter,Lillehammer,Canada,CAN,Canada,69764,Ingrid Liepa,F,27.0,175.0,68.0,Speed Skating,Speed Skating Women's 1,500 metres,NaN,Nominee
1994,Winter,Lillehammer,Canada,CAN,Canada,69764,Ingrid Liepa,F,27.0,175.0,68.0,Speed Skating,Speed Skating Women's 3,000 metres,NaN,Nominee
1994,Winter,Lillehammer,Canada,CAN,Canada,69764,Ingrid Liepa,F,27.0,175.0,68.0,Speed Skating,Speed Skating Women's 5,000 metres,NaN,Nominee
1994,Winter,Lillehammer,Canada,CAN,Canada-2,71557,"Christopher Paul ""Chris"" Lori",M,NaN,NaN,NaN,Bobsleigh,Bobsleigh Men's Four,NaN,Nominee,
1994,Winter,Lillehammer,Canada,CAN,Canada-2,71557,"Christopher Paul ""Chris"" Lori",M,NaN,NaN,NaN,Bobsleigh,Bobsleigh Men's Two,NaN,Nominee,
1994,Winter,Lillehammer,Canada,CAN,Canada,71775,"Kenneth ""Ken"" Lovsin",M,27.0,185.0,89.0,Ice Hockey,Ice Hockey Men's Ice Hockey,Silver,Winner,
1994,Winter,Lillehammer,Canada,CAN,Canada-1,72115,Pierre Fritz Lueders,M,23.0,184.0,98.0,Bobsleigh,Bobsleigh Men's Four,NaN,Nominee,
1994,Winter,Lillehammer,Canada,CAN,Canada-1,72115,Pierre Fritz Lueders,M,23.0,184.0,98.0,Bobsleigh,Bobsleigh Men's Two,NaN,Nominee,
1994,Winter,Lillehammer,Canada,CAN,Canada-1,72896,"David G. ""Dave"" MacEachern",M,26.0,182.0,98.0,Bobsleigh,Bobsleigh Men's Four,NaN,Nominee,
1994,Winter,Lillehammer,Canada,CAN,Canada-1,72896,"David G. ""Dave"" MacEachern",M,26.0,182.0,98.0,Bobsleigh,Bobsleigh Men's Two,NaN,Nominee,
1994,Winter,Lillehammer,Canada,CAN,Canada,75421,Neal Gregory Marshall,M,24.0,182.0,77.0,Speed Skating,Speed Skating Men's 1,500 metres,NaN,Nominee
1994,Winter,Lillehammer,Canada,CAN,Canada,75421,Neal Gregory Marshall,M,24.0,182.0,77.0,Speed Skating,Speed Skating Men's 5,000 metres,NaN,Nominee
1994,Winter,Lillehammer,Canada,CAN,Canada,76975,Derek Christopher Mayer,M,26.0,183.0,91.0,Ice Hockey,Ice Hockey Men's Ice Hockey,Silver,Winner,
1994,Winter,Lillehammer,Canada,CAN,Canada,77679,Michelle McKendry-Ruthven,F,26.0,165.0,61.0,Alpine Skiing,Alpine Skiing Women's Combined,NaN,Nominee,
1994,Winter,Lillehammer,Canada,CAN,Canada,77679,Michelle McKendry-Ruthven,F,26.0,165.0,61.0,Alpine Skiing,Alpine Skiing Women's Downhill,NaN,Nominee,
1994,Winter,Lillehammer,Canada,CAN,Canada,77679,Michelle McKendry-Ruthven,F,26.0,165.0,61.0,Alpine Skiing,Alpine Skiing Women's Super G,NaN,Nominee,
1994,Winter,Lillehammer,Canada,CAN,Canada,78520,Lise Marie Meloche (-McMahon),F,33.0,169.0,59.0,Biathlon,Biathlon Women's 15 kilometres,NaN,Nominee,
1994,Winter,Lillehammer,Canada,CAN,Canada,78520,Lise Marie Meloche (-McMahon),F,33.0,169.0,59.0,Biathlon,Biathlon Women's 4 x 7.5 kilometres Relay,NaN,Nominee,
1994,Winter,Lillehammer,Canada,CAN,Canada,78520,Lise Marie Meloche (-McMahon),F,33.0,169.0,59.0,Biathlon,Biathlon Women's 7.5 kilometres Sprint,NaN,Nominee,
1994,Winter,Lillehammer,Canada,CAN,Canada,82359,Carolynn Michelle Morton,F,21.0,160.0,61.0,Speed Skating,Speed Skating Women's 1,000 metres,NaN,Nominee
1994,Winter,Lillehammer,Canada,CAN,Canada,82359,Carolynn Michelle Morton,F,21.0,160.0,61.0,Speed Skating,Speed Skating Women's 1,500 metres,NaN,Nominee
1994,Winter,Lillehammer,Canada,CAN,Canada,82359,Carolynn Michelle Morton,F,21.0,160.0,61.0,Speed Skating,Speed Skating Women's 500 metres,NaN,Nominee,
1994,Winter,Lillehammer,Canada,CAN,Canada,83026,Cary Lee Mullen,M,24.0,182.0,88.0,Alpine Skiing,Alpine Skiing Men's Combined,NaN,Nominee,
1994,Winter,Lillehammer,Canada,CAN,Canada,83026,Cary Lee Mullen,M,24.0,182.0,88.0,Alpine Skiing,Alpine Skiing Men's Downhill,NaN,Nominee,
1994,Winter,Lillehammer,Canada,CAN,Canada,83026,Cary Lee Mullen,M,24.0,182.0,88.0,Alpine Skiing,Alpine Skiing Men's Super G,NaN,Nominee,
1994,Winter,Lillehammer,Canada,CAN,Canada,85034,Petr Nedvd,M,22.0,192.0,93.0,Ice Hockey,Ice Hockey Men's Ice Hockey,Silver,Winner,
1994,Winter,Lillehammer,Canada,CAN,Canada,86980,Carl Dwayne Norris,M,24.0,178.0,82.0,Ice Hockey,Ice Hockey Men's Ice Hockey,Silver,Winner,
1994,Winter,Lillehammer,Canada,CAN,Canada,88785,Caroline Olivier,F,22.0,159.0,59.0,Freestyle Skiing,Freestyle Skiing Women's Aerials,NaN,Nominee,
1994,Winter,Lillehammer,Canada,CAN,Canada,90396,"Katherine ""Kate"" Pace-Lindsay",F,24.0,175.0,70.0,Alpine Skiing,Alpine Skiing Women's Downhill,NaN,Nominee,
1994,Winter,Lillehammer,Canada,CAN,Canada,90396,"Katherine ""Kate"" Pace-Lindsay",F,24.0,175.0,70.0,Alpine Skiing,Alpine Skiing Women's Super G,NaN,Nominee,
1994,Winter,Lillehammer,Canada,CAN,Canada,91708,"Gregory Roy ""Greg"" Parks",M,26.0,175.0,82.0,Ice Hockey,Ice Hockey Men's Ice Hockey,Silver,Winner,
1994,Winter,Lillehammer,Canada,CAN,Canada,95597,"Edward Charles ""Ed"" Podivinsky",M,23.0,184.0,95.0,Alpine Skiing,Alpine Skiing Men's Combined,NaN,Nominee,
1994,Winter,Lillehammer,Canada,CAN,Canada,95597,"Edward Charles ""Ed"" Podivinsky",M,23.0,184.0,95.0,Alpine Skiing,Alpine Skiing Men's Downhill,Bronze,Winner,
1994,Winter,Lillehammer,Canada,CAN,Canada,95597,"Edward Charles ""Ed"" Podivinsky",M,23.0,184.0,95.0,Alpine Skiing,Alpine Skiing Men's Super G,NaN,Nominee,
1994,Winter,Lillehammer,Canada,CAN,Canada-1,97694,"Jacek Remigjusz ""Jack"" Pyc",M,21.0,178.0,84.0,Bobsleigh,Bobsleigh Men's Four,NaN,Nominee,
1994,Winter,Lillehammer,Canada,CAN,Canada,103060,Jean-Yves Roy,M,24.0,178.0,84.0,Ice Hockey,Ice Hockey Men's Ice Hockey,Silver,Winner,
1994,Winter,Lillehammer,Canada,CAN,Canada,103522,Glenn Richard Rupertus,M,29.0,172.0,68.0,Biathlon,Biathlon Men's 10 kilometres Sprint,NaN,Nominee,
1994,Winter,Lillehammer,Canada,CAN,Canada,103522,Glenn Richard Rupertus,M,29.0,172.0,68.0,Biathlon,Biathlon Men's 20 kilometres,NaN,Nominee,
1994,Winter,Lillehammer,Canada,CAN,Canada-3,104687,Jamie Rae Sal (-Pelletier),F,16.0,155.0,50.0,Figure Skating,Figure Skating Mixed Pairs,NaN,Nominee,
1994,Winter,Lillehammer,Canada,CAN,Canada-2,105772,Kristy-Lee Sargeant (-Wirtz),F,20.0,152.0,46.0,Figure Skating,Figure Skating Mixed Pairs,NaN,Nominee,
1994,Winter,Lillehammer,Canada,CAN,Canada,106093,Luke Sauder,M,23.0,177.0,90.0,Alpine Skiing,Alpine Skiing Men's Downhill,NaN,Nominee,
1994,Winter,Lillehammer,Canada,CAN,Canada,106176,Brian Savage,M,22.0,188.0,87.0,Ice Hockey,Ice Hockey Men's Ice Hockey,Silver,Winner,
1994,Winter,Lillehammer,Canada,CAN,Canada,106955,"Bradley Wilfred ""Brad"" Schlegel",M,25.0,177.0,85.0,Ice Hockey,Ice Hockey Men's Ice Hockey,Silver,Winner,
1994,Winter,Lillehammer,Canada,CAN,Canada,107508,"Wallace E. ""Wally"" Schreiber",M,31.0,180.0,79.0,Ice Hockey,Ice Hockey Men's Ice Hockey,Silver,Winner,
1994,Winter,Lillehammer,Canada,CAN,Canada,108012,John Kevin Scott,M,24.0,187.0,90.0,Speed Skating,Speed Skating Men's 1,000 metres,NaN,Nominee
1994,Winter,Lillehammer,Canada,CAN,Canada,108012,John Kevin Scott,M,24.0,187.0,90.0,Speed Skating,Speed Skating Men's 1,500 metres,NaN,Nominee
1994,Winter,Lillehammer,Canada,CAN,Canada,108012,John Kevin Scott,M,24.0,187.0,90.0,Speed Skating,Speed Skating Men's 500 metres,NaN,Nominee,
1994,Winter,Lillehammer,Canada,CAN,Canada,112063,John Warren Smart,M,28.0,177.0,77.0,Freestyle Skiing,Freestyle Skiing Men's Moguls,NaN,Nominee,
1994,Winter,Lillehammer,Canada,CAN,Canada,112681,Ralf Heiko Socher,M,26.0,184.0,91.0,Alpine Skiing,Alpine Skiing Men's Downhill,NaN,Nominee,
1994,Winter,Lillehammer,Canada,CAN,Canada,112681,Ralf Heiko Socher,M,26.0,184.0,91.0,Alpine Skiing,Alpine Skiing Men's Super G,NaN,Nominee,
1994,Winter,Lillehammer,Canada,CAN,Canada,114732,Julie Steggall,F,22.0,155.0,57.0,Freestyle Skiing,Freestyle Skiing Women's Moguls,NaN,Nominee,
1994,Winter,Lillehammer,Canada,CAN,Canada,114893,Brian Stemmle,M,27.0,178.0,91.0,Alpine Skiing,Alpine Skiing Men's Super G,NaN,Nominee,
1994,Winter,Lillehammer,Canada,CAN,Canada,115391,Elvis Stojko,M,21.0,170.0,71.0,Figure Skating,Figure Skating Men's Singles,Silver,Winner,
1994,Winter,Lillehammer,Canada,CAN,Canada,119601,"Christopher Bowie ""Chris"" Therien",M,22.0,196.0,105.0,Ice Hockey,Ice Hockey Men's Ice Hockey,Silver,Winner,
1994,Winter,Lillehammer,Canada,CAN,Canada,119770,Bronwen Anne Thomas,F,24.0,170.0,56.0,Freestyle Skiing,Freestyle Skiing Women's Moguls,NaN,Nominee,
1994,Winter,Lillehammer,Canada,CAN,Canada,122715,Mlanie Turgeon,F,17.0,164.0,57.0,Alpine Skiing,Alpine Skiing Women's Giant Slalom,NaN,Nominee,
1994,Winter,Lillehammer,Canada,CAN,Canada,122715,Mlanie Turgeon,F,17.0,164.0,57.0,Alpine Skiing,Alpine Skiing Women's Slalom,NaN,Nominee,
1994,Winter,Lillehammer,Canada,CAN,Canada-3,122785,Jason John Turner,M,23.0,173.0,70.0,Figure Skating,Figure Skating Mixed Pairs,NaN,Nominee,
1994,Winter,Lillehammer,Canada,CAN,Canada,128805,Todd Warriner,M,20.0,185.0,84.0,Ice Hockey,Ice Hockey Men's Ice Hockey,Silver,Winner,
1994,Winter,Lillehammer,Canada,CAN,Canada,129683,"John Bradley ""Brad"" Werenka",M,25.0,188.0,95.0,Ice Hockey,Ice Hockey Men's Ice Hockey,Silver,Winner,
1994,Winter,Lillehammer,Canada,CAN,Canada-2,131097,"Kristofer Wade ""Kris"" Wirtz",M,24.0,170.0,68.0,Figure Skating,Figure Skating Mixed Pairs,NaN,Nominee,
1994,Winter,Lillehammer,Chile,CHI,Chile,70344,Nils Linneberg,M,26.0,180.0,87.0,Alpine Skiing,Alpine Skiing Men's Combined,NaN,Nominee,
1994,Winter,Lillehammer,Chile,CHI,Chile,70344,Nils Linneberg,M,26.0,180.0,87.0,Alpine Skiing,Alpine Skiing Men's Downhill,NaN,Nominee,
1994,Winter,Lillehammer,Chile,CHI,Chile,70344,Nils Linneberg,M,26.0,180.0,87.0,Alpine Skiing,Alpine Skiing Men's Super G,NaN,Nominee,
1994,Winter,Lillehammer,Chile,CHI,Chile,74979,Diego Margozzini,M,23.0,182.0,76.0,Alpine Skiing,Alpine Skiing Men's Combined,NaN,Nominee,
1994,Winter,Lillehammer,Chile,CHI,Chile,74979,Diego Margozzini,M,23.0,182.0,76.0,Alpine Skiing,Alpine Skiing Men's Downhill,NaN,Nominee,
1994,Winter,Lillehammer,Chile,CHI,Chile,98091,Alexis Racloz,M,27.0,170.0,62.0,Alpine Skiing,Alpine Skiing Men's Combined,NaN,Nominee,
1994,Winter,Lillehammer,Chile,CHI,Chile,98091,Alexis Racloz,M,27.0,170.0,62.0,Alpine Skiing,Alpine Skiing Men's Super G,NaN,Nominee,
1994,Winter,Lillehammer,China,CHN,China,20240,Chen Lu,F,17.0,162.0,52.0,Figure Skating,Figure Skating Women's Singles,Bronze,Winner,
1994,Winter,Lillehammer,China,CHN,China,54754,Ji Xiaoou,F,13.0,158.0,58.0,Freestyle Skiing,Freestyle Skiing Women's Aerials,NaN,Nominee,
1994,Winter,Lillehammer,China,CHN,China,54878,Jin Hua,F,21.0,166.0,60.0,Speed Skating,Speed Skating Women's 1,000 metres,NaN,Nominee
1994,Winter,Lillehammer,China,CHN,China,54878,Jin Hua,F,21.0,166.0,60.0,Speed Skating,Speed Skating Women's 500 metres,NaN,Nominee,
1994,Winter,Lillehammer,China,CHN,China,69393,Li Jiajun,M,18.0,174.0,76.0,Short Track Speed Skating,Short Track Speed Skating Men's 1,000 metres,NaN,Nominee
1994,Winter,Lillehammer,China,CHN,China,69393,Li Jiajun,M,18.0,174.0,76.0,Short Track Speed Skating,Short Track Speed Skating Men's 5,000 metres Relay,NaN,Nominee
1994,Winter,Lillehammer,China,CHN,China,69393,Li Jiajun,M,18.0,174.0,76.0,Short Track Speed Skating,Short Track Speed Skating Men's 500 metres,NaN,Nominee,
1994,Winter,Lillehammer,China,CHN,China,69436,Li Lianli,M,19.0,174.0,77.0,Short Track Speed Skating,Short Track Speed Skating Men's 1,000 metres,NaN,Nominee
1994,Winter,Lillehammer,China,CHN,China,69436,Li Lianli,M,19.0,174.0,77.0,Short Track Speed Skating,Short Track Speed Skating Men's 5,000 metres Relay,NaN,Nominee
1994,Winter,Lillehammer,China,CHN,China,69436,Li Lianli,M,19.0,174.0,77.0,Short Track Speed Skating,Short Track Speed Skating Men's 500 metres,NaN,Nominee,
1994,Winter,Lillehammer,China,CHN,China,70568,Liu Giulan,F,23.0,NaN,NaN,Biathlon,Biathlon Women's 4 x 7.5 kilometres Relay,NaN,Nominee,
1994,Winter,Lillehammer,China,CHN,China,70584,Liu Hongbo,M,20.0,173.0,72.0,Speed Skating,Speed Skating Men's 1,000 metres,NaN,Nominee
1994,Winter,Lillehammer,China,CHN,China,70584,Liu Hongbo,M,20.0,173.0,72.0,Speed Skating,Speed Skating Men's 500 metres,NaN,Nominee,
1994,Winter,Lillehammer,China,CHN,China,70675,Liu Yanfei,M,26.0,181.0,80.0,Speed Skating,Speed Skating Men's 1,500 metres,NaN,Nominee
1994,Winter,Lillehammer,China,CHN,China,70684,Liu Ying,F,18.0,NaN,NaN,Figure Skating,Figure Skating Women's Singles,NaN,Nominee,
1994,Winter,Lillehammer,China,CHN,China,113103,Song Aiqin,F,23.0,NaN,NaN,Biathlon,Biathlon Women's 15 kilometres,NaN,Nominee,
1994,Winter,Lillehammer,China,CHN,China,113103,Song Aiqin,F,23.0,NaN,NaN,Biathlon,Biathlon Women's 4 x 7.5 kilometres Relay,NaN,Nominee,
1994,Winter,Lillehammer,China,CHN,China,113103,Song Aiqin,F,23.0,NaN,NaN,Biathlon,Biathlon Women's 7.5 kilometres Sprint,NaN,Nominee,
1994,Winter,Lillehammer,China,CHN,China,116070,Su Xiaohua,F,16.0,NaN,NaN,Short Track Speed Skating,Short Track Speed Skating Women's 3,000 metres Relay,NaN,Nominee
1994,Winter,Lillehammer,China,CHN,China,128485,Wang Jinfen,F,24.0,NaN,NaN,Biathlon,Biathlon Women's 15 kilometres,NaN,Nominee,
1994,Winter,Lillehammer,China,CHN,China,128485,Wang Jinfen,F,24.0,NaN,NaN,Biathlon,Biathlon Women's 4 x 7.5 kilometres Relay,NaN,Nominee,
1994,Winter,Lillehammer,China,CHN,China,128485,Wang Jinfen,F,24.0,NaN,NaN,Biathlon,Biathlon Women's 7.5 kilometres Sprint,NaN,Nominee,
1994,Winter,Lillehammer,China,CHN,China,128492,Wang Jinping,F,22.0,NaN,NaN,Biathlon,Biathlon Women's 4 x 7.5 kilometres Relay,NaN,Nominee,
1994,Winter,Lillehammer,China,CHN,China,128607,Wang Xiulan,F,22.0,164.0,59.0,Short Track Speed Skating,Short Track Speed Skating Women's 1,000 metres,NaN,Nominee
1994,Winter,Lillehammer,China,CHN,China,128607,Wang Xiulan,F,22.0,164.0,59.0,Short Track Speed Skating,Short Track Speed Skating Women's 3,000 metres Relay,NaN,Nominee
1994,Winter,Lillehammer,China,CHN,China,128607,Wang Xiulan,F,22.0,164.0,59.0,Short Track Speed Skating,Short Track Speed Skating Women's 500 metres,NaN,Nominee,
1994,Winter,Lillehammer,China,CHN,China,132119,Xue Ruihong,F,25.0,170.0,67.0,Speed Skating,Speed Skating Women's 1,000 metres,NaN,Nominee
1994,Winter,Lillehammer,China,CHN,China,132119,Xue Ruihong,F,25.0,170.0,67.0,Speed Skating,Speed Skating Women's 500 metres,NaN,Nominee,
1994,Winter,Lillehammer,China,CHN,China,132478,Yang Chunyuan,F,20.0,170.0,72.0,Speed Skating,Speed Skating Women's 1,000 metres,NaN,Nominee
1994,Winter,Lillehammer,China,CHN,China,132478,Yang Chunyuan,F,20.0,170.0,72.0,Speed Skating,Speed Skating Women's 500 metres,NaN,Nominee,
1994,Winter,Lillehammer,China,CHN,China,132497,Yang He,M,22.0,NaN,NaN,Short Track Speed Skating,Short Track Speed Skating Men's 5,000 metres Relay,NaN,Nominee
1994,Winter,Lillehammer,China,CHN,China,132562,Yang Yang,F,16.0,165.0,60.0,Short Track Speed Skating,Short Track Speed Skating Women's 1,000 metres,NaN,Nominee
1994,Winter,Lillehammer,China,CHN,China,132562,Yang Yang,F,16.0,165.0,60.0,Short Track Speed Skating,Short Track Speed Skating Women's 3,000 metres Relay,NaN,Nominee
1994,Winter,Lillehammer,China,CHN,China,132562,Yang Yang,F,16.0,165.0,60.0,Short Track Speed Skating,Short Track Speed Skating Women's 500 metres,NaN,Nominee,
1994,Winter,Lillehammer,China,CHN,China,132743,Ye Qiaobo,F,29.0,168.0,70.0,Speed Skating,Speed Skating Women's 1,000 metres,Bronze,Winner
1994,Winter,Lillehammer,China,CHN,China,132743,Ye Qiaobo,F,29.0,168.0,70.0,Speed Skating,Speed Skating Women's 500 metres,NaN,Nominee,
1994,Winter,Lillehammer,China,CHN,China,132987,Yin Hong,F,18.0,162.0,60.0,Freestyle Skiing,Freestyle Skiing Women's Aerials,NaN,Nominee,
1994,Winter,Lillehammer,China,CHN,China,134465,Zhang Hongbo,M,21.0,NaN,NaN,Short Track Speed Skating,Short Track Speed Skating Men's 5,000 metres Relay,NaN,Nominee
1994,Winter,Lillehammer,China,CHN,China,134519,Zhang Min,M,17.0,176.0,76.0,Figure Skating,Figure Skating Men's Singles,NaN,Nominee,
1994,Winter,Lillehammer,China,CHN,China,134593,Zhang Yanmei,F,21.0,171.0,60.0,Short Track Speed Skating,Short Track Speed Skating Women's 1,000 metres,NaN,Nominee
1994,Winter,Lillehammer,China,CHN,China,134593,Zhang Yanmei,F,21.0,171.0,60.0,Short Track Speed Skating,Short Track Speed Skating Women's 3,000 metres Relay,NaN,Nominee
1994,Winter,Lillehammer,China,CHN,China,134593,Zhang Yanmei,F,21.0,171.0,60.0,Short Track Speed Skating,Short Track Speed Skating Women's 500 metres,Silver,Winner,
1994,Winter,Lillehammer,China,CHN,China,134638,Zhao Guona,F,15.0,NaN,NaN,Figure Skating,Figure Skating Women's Singles,NaN,Nominee,
1994,Winter,Lillehammer,Croatia,CRO,Croatia,92290,Vedran Pavlek,M,20.0,174.0,78.0,Alpine Skiing,Alpine Skiing Men's Giant Slalom,NaN,Nominee,
1994,Winter,Lillehammer,Croatia,CRO,Croatia,92290,Vedran Pavlek,M,20.0,174.0,78.0,Alpine Skiing,Alpine Skiing Men's Slalom,NaN,Nominee,
1994,Winter,Lillehammer,Croatia,CRO,Croatia,92290,Vedran Pavlek,M,20.0,174.0,78.0,Alpine Skiing,Alpine Skiing Men's Super G,NaN,Nominee,
1994,Winter,Lillehammer,Croatia,CRO,Croatia,98088,Antonio Raki,M,20.0,177.0,74.0,Cross Country Skiing,Cross Country Skiing Men's 10 kilometres,NaN,Nominee,
1994,Winter,Lillehammer,Croatia,CRO,Croatia,98088,Antonio Raki,M,20.0,177.0,74.0,Cross Country Skiing,Cross Country Skiing Men's 10/15 kilometres Pursuit,NaN,Nominee,
1994,Winter,Lillehammer,Croatia,CRO,Croatia,98088,Antonio Raki,M,20.0,177.0,74.0,Cross Country Skiing,Cross Country Skiing Men's 30 kilometres,NaN,Nominee,
1994,Winter,Lillehammer,Croatia,CRO,Croatia,98088,Antonio Raki,M,20.0,177.0,74.0,Cross Country Skiing,Cross Country Skiing Men's 50 kilometres,NaN,Nominee,
1994,Winter,Lillehammer,Croatia,CRO,Croatia,127712,Sinia Vukoni,M,22.0,172.0,69.0,Cross Country Skiing,Cross Country Skiing Men's 10 kilometres,NaN,Nominee,
1994,Winter,Lillehammer,Croatia,CRO,Croatia,127712,Sinia Vukoni,M,22.0,172.0,69.0,Cross Country Skiing,Cross Country Skiing Men's 10/15 kilometres Pursuit,NaN,Nominee,
1994,Winter,Lillehammer,Croatia,CRO,Croatia,127712,Sinia Vukoni,M,22.0,172.0,69.0,Cross Country Skiing,Cross Country Skiing Men's 30 kilometres,NaN,Nominee,
1994,Winter,Lillehammer,Croatia,CRO,Croatia,127712,Sinia Vukoni,M,22.0,172.0,69.0,Cross Country Skiing,Cross Country Skiing Men's 50 kilometres,NaN,Nominee,
1994,Winter,Lillehammer,Cyprus,CYP,Cyprus,36467,Karolina Fotiadou,F,23.0,NaN,NaN,Alpine Skiing,Alpine Skiing Women's Super G,NaN,Nominee,
1994,Winter,Lillehammer,Czech Republic,CZE,Czech Republic,792,Jina Adamikov-Pelcov,F,24.0,173.0,62.0,Biathlon,Biathlon Women's 15 kilometres,NaN,Nominee,
1994,Winter,Lillehammer,Czech Republic,CZE,Czech Republic,792,Jina Adamikov-Pelcov,F,24.0,173.0,62.0,Biathlon,Biathlon Women's 4 x 7.5 kilometres Relay,NaN,Nominee,
1994,Winter,Lillehammer,Czech Republic,CZE,Czech Republic,792,Jina Adamikov-Pelcov,F,24.0,173.0,62.0,Biathlon,Biathlon Women's 7.5 kilometres Sprint,NaN,Nominee,
1994,Winter,Lillehammer,Czech Republic,CZE,Czech Republic,2748,Jan Alin,M,21.0,188.0,79.0,Ice Hockey,Ice Hockey Men's Ice Hockey,NaN,Nominee,
1994,Winter,Lillehammer,Czech Republic,CZE,Czech Republic,9967,Pavel Benc,M,30.0,172.0,70.0,Cross Country Skiing,Cross Country Skiing Men's 10 kilometres,NaN,Nominee,
1994,Winter,Lillehammer,Czech Republic,CZE,Czech Republic,9967,Pavel Benc,M,30.0,172.0,70.0,Cross Country Skiing,Cross Country Skiing Men's 10/15 kilometres Pursuit,NaN,Nominee,
1994,Winter,Lillehammer,Czech Republic,CZE,Czech Republic,9967,Pavel Benc,M,30.0,172.0,70.0,Cross Country Skiing,Cross Country Skiing Men's 30 kilometres,NaN,Nominee,
1994,Winter,Lillehammer,Czech Republic,CZE,Czech Republic,9967,Pavel Benc,M,30.0,172.0,70.0,Cross Country Skiing,Cross Country Skiing Men's 4 x 10 kilometres Relay,NaN,Nominee,
1994,Winter,Lillehammer,Czech Republic,CZE,Czech Republic,15198,Petr Bza,M,29.0,184.0,80.0,Ice Hockey,Ice Hockey Men's Ice Hockey,NaN,Nominee,
1994,Winter,Lillehammer,Czech Republic,CZE,Czech Republic-2,15953,Milan Brz,M,24.0,182.0,75.0,Figure Skating,Figure Skating Mixed Ice Dancing,NaN,Nominee,
1994,Winter,Lillehammer,Czech Republic,CZE,Czech Republic,16065,Lubomr Buchta,M,26.0,194.0,87.0,Cross Country Skiing,Cross Country Skiing Men's 10 kilometres,NaN,Nominee,
1994,Winter,Lillehammer,Czech Republic,CZE,Czech Republic,16065,Lubomr Buchta,M,26.0,194.0,87.0,Cross Country Skiing,Cross Country Skiing Men's 10/15 kilometres Pursuit,NaN,Nominee,
1994,Winter,Lillehammer,Czech Republic,CZE,Czech Republic,16065,Lubomr Buchta,M,26.0,194.0,87.0,Cross Country Skiing,Cross Country Skiing Men's 4 x 10 kilometres Relay,NaN,Nominee,
1994,Winter,Lillehammer,Czech Republic,CZE,Czech Republic,16065,Lubomr Buchta,M,26.0,194.0,87.0,Cross Country Skiing,Cross Country Skiing Men's 50 kilometres,NaN,Nominee,
1994,Winter,Lillehammer,Czech Republic,CZE,Czech Republic-2,21341,Radmila Chrobokov,F,17.0,167.0,52.0,Figure Skating,Figure Skating Mixed Ice Dancing,NaN,Nominee,
1994,Winter,Lillehammer,Czech Republic,CZE,Czech Republic,21345,Lucie Chroustovsk,F,22.0,168.0,58.0,Cross Country Skiing,Cross Country Skiing Women's 15 kilometres,NaN,Nominee,
1994,Winter,Lillehammer,Czech Republic,CZE,Czech Republic,21345,Lucie Chroustovsk,F,22.0,168.0,58.0,Cross Country Skiing,Cross Country Skiing Women's 30 kilometres,NaN,Nominee,
1994,Winter,Lillehammer,Czech Republic,CZE,Czech Republic,21345,Lucie Chroustovsk,F,22.0,168.0,58.0,Cross Country Skiing,Cross Country Skiing Women's 4 x 5 kilometres Relay,NaN,Nominee,
1994,Winter,Lillehammer,Czech Republic,CZE,Czech Republic,28888,Ladislav Dluho,M,28.0,172.0,65.0,Ski Jumping,Ski Jumping Men's Large Hill,Individual,NaN,Nominee
1994,Winter,Lillehammer,Czech Republic,CZE,Czech Republic,28888,Ladislav Dluho,M,28.0,172.0,65.0,Ski Jumping,Ski Jumping Men's Large Hill,Team,NaN,Nominee
1994,Winter,Lillehammer,Czech Republic,CZE,Czech Republic,28888,Ladislav Dluho,M,28.0,172.0,65.0,Ski Jumping,Ski Jumping Men's Normal Hill,Individual,NaN,Nominee
1994,Winter,Lillehammer,Czech Republic,CZE,Czech Republic,29163,Ji Doleal,M,31.0,175.0,77.0,Ice Hockey,Ice Hockey Men's Ice Hockey,NaN,Nominee,
1994,Winter,Lillehammer,Czech Republic,CZE,Czech Republic,31151,Ji Dzmura,M,30.0,182.0,94.0,Bobsleigh,Bobsleigh Men's Four,NaN,Nominee,
1994,Winter,Lillehammer,Czech Republic,CZE,Czech Republic-1,31151,Ji Dzmura,M,30.0,182.0,94.0,Bobsleigh,Bobsleigh Men's Two,NaN,Nominee,
1994,Winter,Lillehammer,Czech Republic,CZE,Czech Republic,38440,Petr Garabk,M,24.0,179.0,70.0,Biathlon,Biathlon Men's 10 kilometres Sprint,NaN,Nominee,
1994,Winter,Lillehammer,Czech Republic,CZE,Czech Republic,38440,Petr Garabk,M,24.0,179.0,70.0,Biathlon,Biathlon Men's 20 kilometres,NaN,Nominee,
1994,Winter,Lillehammer,Czech Republic,CZE,Czech Republic,38440,Petr Garabk,M,24.0,179.0,70.0,Biathlon,Biathlon Men's 4 x 7.5 kilometres Relay,NaN,Nominee,
1994,Winter,Lillehammer,Czech Republic,CZE,Czech Republic,39334,Pavel Geffert,M,25.0,188.0,89.0,Ice Hockey,Ice Hockey Men's Ice Hockey,NaN,Nominee,
1994,Winter,Lillehammer,Czech Republic,CZE,Czech Republic,44913,Eva Hkov (Bureov-),F,24.0,175.0,58.0,Biathlon,Biathlon Women's 15 kilometres,NaN,Nominee,
1994,Winter,Lillehammer,Czech Republic,CZE,Czech Republic,44913,Eva Hkov (Bureov-),F,24.0,175.0,58.0,Biathlon,Biathlon Women's 4 x 7.5 kilometres Relay,NaN,Nominee,
1994,Winter,Lillehammer,Czech Republic,CZE,Czech Republic,44913,Eva Hkov (Bureov-),F,24.0,175.0,58.0,Biathlon,Biathlon Women's 7.5 kilometres Sprint,NaN,Nominee,
1994,Winter,Lillehammer,Czech Republic,CZE,Czech Republic,49608,Ji Holubec,M,27.0,178.0,68.0,Biathlon,Biathlon Men's 10 kilometres Sprint,NaN,Nominee,
1994,Winter,Lillehammer,Czech Republic,CZE,Czech Republic,49608,Ji Holubec,M,27.0,178.0,68.0,Biathlon,Biathlon Men's 20 kilometres,NaN,Nominee,
1994,Winter,Lillehammer,Czech Republic,CZE,Czech Republic,49608,Ji Holubec,M,27.0,178.0,68.0,Biathlon,Biathlon Men's 4 x 7.5 kilometres Relay,NaN,Nominee,
1994,Winter,Lillehammer,Czech Republic,CZE,Czech Republic,49884,Roman Hork,M,24.0,182.0,85.0,Ice Hockey,Ice Hockey Men's Ice Hockey,NaN,Nominee,
1994,Winter,Lillehammer,Czech Republic,CZE,Czech Republic,49893,Miloslav Hoava,M,32.0,184.0,85.0,Ice Hockey,Ice Hockey Men's Ice Hockey,NaN,Nominee,
1994,Winter,Lillehammer,Czech Republic,CZE,Czech Republic,50172,Martin Hostk,M,26.0,190.0,95.0,Ice Hockey,Ice Hockey Men's Ice Hockey,NaN,Nominee,
1994,Winter,Lillehammer,Czech Republic,CZE,Czech Republic,50458,Petr Hrbek,M,24.0,182.0,86.0,Ice Hockey,Ice Hockey Men's Ice Hockey,NaN,Nominee,
1994,Winter,Lillehammer,Czech Republic,CZE,Czech Republic,53592,Otakar Janeck,M,33.0,180.0,83.0,Ice Hockey,Ice Hockey Men's Ice Hockey,NaN,Nominee,
1994,Winter,Lillehammer,Czech Republic,CZE,Czech Republic,56580,Drahomr Kadlec,M,28.0,181.0,86.0,Ice Hockey,Ice Hockey Men's Ice Hockey,NaN,Nominee,
1994,Winter,Lillehammer,Czech Republic,CZE,Czech Republic,57373,Tom Kapusta,M,26.0,182.0,86.0,Ice Hockey,Ice Hockey Men's Ice Hockey,NaN,Nominee,
1994,Winter,Lillehammer,Czech Republic,CZE,Czech Republic,57923,Kamil Kak,M,27.0,178.0,78.0,Ice Hockey,Ice Hockey Men's Ice Hockey,NaN,Nominee,
1994,Winter,Lillehammer,Czech Republic,CZE,Czech Republic,61523,Iveta Knkov,F,26.0,172.0,61.0,Biathlon,Biathlon Women's 15 kilometres,NaN,Nominee,
1994,Winter,Lillehammer,Czech Republic,CZE,Czech Republic,61523,Iveta Knkov,F,26.0,172.0,61.0,Biathlon,Biathlon Women's 4 x 7.5 kilometres Relay,NaN,Nominee,
1994,Winter,Lillehammer,Czech Republic,CZE,Czech Republic,61523,Iveta Knkov,F,26.0,172.0,61.0,Biathlon,Biathlon Women's 7.5 kilometres Sprint,NaN,Nominee,
1994,Winter,Lillehammer,Czech Republic,CZE,Czech Republic,61703,Jan Kobin,M,23.0,186.0,102.0,Bobsleigh,Bobsleigh Men's Four,NaN,Nominee,
1994,Winter,Lillehammer,Czech Republic,CZE,Czech Republic-2,61703,Jan Kobin,M,23.0,186.0,102.0,Bobsleigh,Bobsleigh Men's Two,NaN,Nominee,
1994,Winter,Lillehammer,Czech Republic,CZE,Czech Republic,62647,Miroslav Kopal,M,31.0,173.0,63.0,Nordic Combined,Nordic Combined Men's Individual,NaN,Nominee,
1994,Winter,Lillehammer,Czech Republic,CZE,Czech Republic,62920,Vclav Korunka,M,28.0,174.0,64.0,Cross Country Skiing,Cross Country Skiing Men's 10 kilometres,NaN,Nominee,
1994,Winter,Lillehammer,Czech Republic,CZE,Czech Republic,62920,Vclav Korunka,M,28.0,174.0,64.0,Cross Country Skiing,Cross Country Skiing Men's 10/15 kilometres Pursuit,NaN,Nominee,
1994,Winter,Lillehammer,Czech Republic,CZE,Czech Republic,62920,Vclav Korunka,M,28.0,174.0,64.0,Cross Country Skiing,Cross Country Skiing Men's 4 x 10 kilometres Relay,NaN,Nominee,
1994,Winter,Lillehammer,Czech Republic,CZE,Czech Republic,62939,Tom Kos,M,26.0,186.0,78.0,Biathlon,Biathlon Men's 10 kilometres Sprint,NaN,Nominee,
1994,Winter,Lillehammer,Czech Republic,CZE,Czech Republic,62939,Tom Kos,M,26.0,186.0,78.0,Biathlon,Biathlon Men's 4 x 7.5 kilometres Relay,NaN,Nominee,
1994,Winter,Lillehammer,Czech Republic,CZE,Czech Republic,63474,Radka Kovakov,F,18.0,161.0,47.0,Figure Skating,Figure Skating Mixed Pairs,NaN,Nominee,
1994,Winter,Lillehammer,Czech Republic,CZE,Czech Republic,64251,Zbynk Krompolc,M,15.0,166.0,50.0,Ski Jumping,Ski Jumping Men's Large Hill,Individual,NaN,Nominee
1994,Winter,Lillehammer,Czech Republic,CZE,Czech Republic,64251,Zbynk Krompolc,M,15.0,166.0,50.0,Ski Jumping,Ski Jumping Men's Large Hill,Team,NaN,Nominee
1994,Winter,Lillehammer,Czech Republic,CZE,Czech Republic,64251,Zbynk Krompolc,M,15.0,166.0,50.0,Ski Jumping,Ski Jumping Men's Normal Hill,Individual,NaN,Nominee
1994,Winter,Lillehammer,Czech Republic,CZE,Czech Republic,64563,Ji Kuera,M,27.0,181.0,81.0,Ice Hockey,Ice Hockey Men's Ice Hockey,NaN,Nominee,
1994,Winter,Lillehammer,Czech Republic,CZE,Czech Republic,64567,Milan Kuera,M,19.0,175.0,63.0,Nordic Combined,Nordic Combined Men's Individual,NaN,Nominee,
1994,Winter,Lillehammer,Czech Republic,CZE,Czech Republic,64567,Milan Kuera,M,19.0,175.0,63.0,Nordic Combined,Nordic Combined Men's Team,NaN,Nominee,
1994,Winter,Lillehammer,Czech Republic,CZE,Czech Republic,64830,Jana Kulhav (-Vapenikov),F,29.0,176.0,65.0,Biathlon,Biathlon Women's 4 x 7.5 kilometres Relay,NaN,Nominee,
1994,Winter,Lillehammer,Czech Republic,CZE,Czech Republic,64861,Lenka Kulovan,F,19.0,171.0,55.0,Figure Skating,Figure Skating Women's Singles,NaN,Nominee,
1994,Winter,Lillehammer,Czech Republic,CZE,Czech Republic,73789,Frantiek Mka,M,25.0,174.0,70.0,Nordic Combined,Nordic Combined Men's Individual,NaN,Nominee,
1994,Winter,Lillehammer,Czech Republic,CZE,Czech Republic,73789,Frantiek Mka,M,25.0,174.0,70.0,Nordic Combined,Nordic Combined Men's Team,NaN,Nominee,
1994,Winter,Lillehammer,Czech Republic,CZE,Czech Republic,76069,Ivan Masak,M,26.0,181.0,70.0,Biathlon,Biathlon Men's 20 kilometres,NaN,Nominee,
1994,Winter,Lillehammer,Czech Republic,CZE,Czech Republic,76069,Ivan Masak,M,26.0,181.0,70.0,Biathlon,Biathlon Men's 4 x 7.5 kilometres Relay,NaN,Nominee,
1994,Winter,Lillehammer,Czech Republic,CZE,Czech Republic-1,82785,Kateina Mrzov,F,21.0,166.0,52.0,Figure Skating,Figure Skating Mixed Ice Dancing,NaN,Nominee,
1994,Winter,Lillehammer,Czech Republic,CZE,Czech Republic,85479,Kateina Neumannov,F,20.0,175.0,67.0,Cross Country Skiing,Cross Country Skiing Women's 15 kilometres,NaN,Nominee,
1994,Winter,Lillehammer,Czech Republic,CZE,Czech Republic,85479,Kateina Neumannov,F,20.0,175.0,67.0,Cross Country Skiing,Cross Country Skiing Women's 4 x 5 kilometres Relay,NaN,Nominee,
1994,Winter,Lillehammer,Czech Republic,CZE,Czech Republic,85479,Kateina Neumannov,F,20.0,175.0,67.0,Cross Country Skiing,Cross Country Skiing Women's 5 kilometres,NaN,Nominee,
1994,Winter,Lillehammer,Czech Republic,CZE,Czech Republic,85479,Kateina Neumannov,F,20.0,175.0,67.0,Cross Country Skiing,Cross Country Skiing Women's 5/10 kilometres Pursuit,NaN,Nominee,
1994,Winter,Lillehammer,Czech Republic,CZE,Czech Republic,87178,Irena Novotn-esnekov,F,21.0,158.0,52.0,Biathlon,Biathlon Women's 15 kilometres,NaN,Nominee,
1994,Winter,Lillehammer,Czech Republic,CZE,Czech Republic,87186,Ren Novotn,M,30.0,186.0,83.0,Figure Skating,Figure Skating Mixed Pairs,NaN,Nominee,
1994,Winter,Lillehammer,Czech Republic,CZE,Czech Republic,91023,Zbynk Pnek,M,21.0,181.0,72.0,Nordic Combined,Nordic Combined Men's Individual,NaN,Nominee,
1994,Winter,Lillehammer,Czech Republic,CZE,Czech Republic,91023,Zbynk Pnek,M,21.0,181.0,72.0,Nordic Combined,Nordic Combined Men's Team,NaN,Nominee,
1994,Winter,Lillehammer,Czech Republic,CZE,Czech Republic,91720,Ji Parma,M,31.0,174.0,74.0,Ski Jumping,Ski Jumping Men's Large Hill,Individual,,